artist,click,pageview,preview,total_events,click_rate
Tesher,2266,4576,1446,8288,49.519230769230774
Anne-Marie,939,2290,800,4029,41.00436681222707
Tundra Beats,1062,2138,751,3951,49.67259120673527
Roddy Ricch,928,1763,416,3107,52.637549631310264
Olivia Rodrigo,667,1931,439,3037,34.54168824443294
"Surf Mesa, Emilee",693,1704,559,2956,40.66901408450704
"DMNDS, Strange Fruits Music, Fallen Roses, Lujavo, Nito-Onna",873,1637,355,2865,53.3292608430055
Reyanna Maria,684,1559,432,2675,43.87427838357922
PinkPantheress,661,1537,248,2446,43.005855562784646
"50 Cent, Olivia",549,1428,413,2390,38.445378151260506
"Shawn Mendes, Tainy",571,1177,360,2108,48.51316907391674
Bella Poarch,473,1199,400,2072,39.44954128440367
KenTheMan,525,1204,331,2060,43.604651162790695
"Kayla Nicole, Taylor Girlz, Flo Milli",506,1340,175,2021,37.76119402985075
Billie Eilish,353,878,221,1452,40.20501138952164
Justin Bieber,334,824,266,1424,40.53398058252427
Megan Thee Stallion,248,815,141,1204,30.429447852760738
Bazzi,306,734,159,1199,41.689373297002724
"Trippie Redd, Lil Uzi Vert",338,732,83,1153,46.17486338797814
Remble,348,671,126,1145,51.8628912071535
Capella Grey,386,678,69,1133,56.932153392330385
L.Dre,289,624,151,1064,46.31410256410257
"Soulja Boy Tell 'Em, Rich The Kid",261,657,143,1061,39.726027397260275
Ed Sheeran,240,600,209,1049,40.0
"Shouse, David Guetta",297,583,127,1007,50.943396226415096
"Lola Indigo, TINI, Belinda",259,570,170,999,45.438596491228076
Cassie,255,575,169,999,44.34782608695652
"Sub Urban, Bella Poarch",247,558,164,969,44.2652329749104
Groove Delight,240,566,138,944,42.40282685512368
Duncan Laurence,229,562,140,931,40.74733096085409
Hoàng Read,220,568,132,920,38.732394366197184
KA$HDAMI,305,547,0,852,55.758683729433265
Sean Paul,212,498,136,846,42.570281124497996
Ariana Grande,181,489,137,807,37.01431492842536
Måneskin,211,498,82,791,42.369477911646584
"SHRK, Shiloh Dynasty",221,472,98,791,46.82203389830508
Ingratax,181,466,137,784,38.8412017167382
"Lil Tecca, Gunna",277,478,0,755,57.94979079497908
"Justin Bieber, Ludacris",154,428,114,696,35.981308411214954
"Maroon 5, Megan Thee Stallion",199,398,92,689,50.0
Vitamin A,134,398,154,686,33.66834170854271
"Justin Quiles, Chimbala, Zion & Lennox",176,396,99,671,44.44444444444444
"Pop Smoke, 21 Savage, 42 Dugg",163,396,89,648,41.16161616161616
Soldier Kidd,214,367,59,640,58.31062670299727
Pop Smoke,166,374,98,638,44.38502673796791
"Lunay, Anitta",184,336,96,616,54.761904761904766
Kreepa,136,377,103,616,36.07427055702917
Christina Perri,122,360,117,599,33.88888888888889
Sueco,204,329,66,599,62.00607902735562
Uzumaki Baka,132,339,121,592,38.93805309734513
Loren Gray,134,349,89,572,38.39541547277937
"WILLOW, Travis Barker",161,361,47,569,44.59833795013851
Kodak Black,192,329,36,557,58.35866261398176
Bo Burnham,147,346,60,553,42.48554913294797
Saucy Santana,138,336,76,550,41.07142857142857
"Dixie, Rubi Rose",149,298,75,522,50.0
Beth,109,304,108,521,35.85526315789473
"Tion Wayne, Russ Millions, ArrDee, E1 (3x3), ZT (3x3), Bugzy Malone, Buni, Fivio Foreign, Darkoo",141,314,65,520,44.904458598726116
"DLJ, BIDØ",81,322,106,509,25.15527950310559
50 Cent,132,303,67,502,43.56435643564357
"Dave, Stormzy",133,291,77,501,45.70446735395189
Nohidea,136,262,63,461,51.908396946564885
gnash,108,283,70,461,38.16254416961131
Kstylis,122,282,54,458,43.262411347517734
Surf Curse,114,293,51,458,38.907849829351534
Miscél,125,249,82,456,50.20080321285141
Leonz,110,277,69,456,39.71119133574007
"Summer Walker, Drake",95,289,61,445,32.8719723183391
Cardi B,97,293,52,442,33.105802047781566
iamjuampi,90,302,50,442,29.80132450331126
Catie Turner,107,263,71,441,40.68441064638783
SoFaygo,109,291,40,440,37.45704467353952
"ScHoolboy Q, Kendrick Lamar",146,264,27,437,55.3030303030303
Kidd Kenn,89,264,73,426,33.71212121212121
XXXTENTACION,125,241,54,420,51.867219917012456
"Tiësto, KAROL G",116,250,47,413,46.400000000000006
"Kodak Black, Rod Wave",131,234,40,405,55.98290598290598
Maroon 5,96,239,60,395,40.1673640167364
"El Alfa, Chael Produciendo, CJ, El Cherry Scom",107,235,45,387,45.53191489361702
LAKEY INSPIRED,114,226,43,383,50.442477876106196
"Jack Harlow, Pooh Shiesty",110,233,37,380,47.21030042918455
VL4S,93,212,58,363,43.86792452830189
"J Balvin, Skrillex",78,192,56,326,40.625
Dante9k,69,191,60,320,36.12565445026178
"J Balvin, Maria Becerra",85,185,48,318,45.94594594594595
"bbno$, Rich Brian",91,186,35,312,48.924731182795696
"Gunna, Taurus",102,182,28,312,56.043956043956044
Joji,104,183,23,310,56.830601092896174
fantompower,74,181,52,307,40.88397790055249
"Pop Smoke, Lil Tjay",81,194,31,306,41.75257731958763
Moneybagg Yo,83,193,23,299,43.005181347150256
Lil Tecca,85,169,40,294,50.29585798816568
"Billie Eilish, Khalid",59,181,53,293,32.59668508287293
Coldplay,68,175,38,281,38.857142857142854
"Elton John, Dua Lipa, PNAU",84,157,37,278,53.503184713375795
"Kanye West, Dwele",92,185,0,277,49.72972972972973
"Pop Smoke, Future",70,163,41,274,42.944785276073624
NLE Choppa,73,179,21,273,40.78212290502793
Sidhu Moose Wala,261,8,0,269,3262.5
Ski Mask The Slump God,71,159,27,257,44.65408805031446
"The Martinez Brothers, Fuego",72,153,32,257,47.05882352941176
"Lil Baby, Lil Durk, Meek Mill",66,160,25,251,41.25
Mohamed Hamaki,57,130,56,243,43.84615384615385
KALEO,58,144,38,240,40.27777777777778
potsu,69,138,32,239,50.0
Rae Sremmurd,53,157,29,239,33.75796178343949
Issam Alnajjar,53,137,46,236,38.68613138686132
Chelsea Cutler,65,142,27,234,45.774647887323944
The Weeknd,62,149,18,229,41.61073825503356
The Notorious B.I.G.,66,146,17,229,45.20547945205479
3409,54,136,37,227,39.705882352941174
"Sech, Jhay Cortez",53,139,28,220,38.1294964028777
"Surfaces, Tai Verdes",58,130,21,209,44.61538461538462
Gagan Roy,61,114,29,204,53.50877192982456
Aaliyah,53,118,24,195,44.91525423728814
"K CAMP, Mooski",60,111,22,193,54.054054054054056
"blackbear, Tate McRae",42,119,29,190,35.294117647058826
"A Boogie Wit da Hoodie, Lil Durk",60,115,13,188,52.17391304347826
Young Thug,50,115,21,186,43.47826086956522
EBEN,39,114,30,183,34.21052631578947
YoungBoy Never Broke Again,53,124,5,182,42.74193548387097
Kanye West,55,126,0,181,43.65079365079365
Vanessa Carlton,41,102,36,179,40.19607843137255
DMX,39,107,33,179,36.44859813084112
"jetsonmade, Jack Harlow",53,112,10,175,47.32142857142857
Gustixa,39,119,14,172,32.773109243697476
"Bazzi, Camila Cabello",45,99,26,170,45.45454545454545
J Balvin,43,101,25,169,42.57425742574257
"Craymer, AIIVAWN",47,95,26,168,49.473684210526315
Trey Songz,31,109,27,167,28.440366972477065
Stephanie Poetri,34,99,33,166,34.34343434343434
"No Spirit, SAINT WKND",40,100,26,166,40.0
FINNEAS,51,88,26,165,57.95454545454546
"piri, Tommy Villiers",47,93,24,164,50.53763440860215
"Leto, Ninho",29,110,25,164,26.36363636363636
"Lenny Tavárez, Zion & Lennox",43,97,21,161,44.329896907216494
Machine Gun Kelly,49,101,10,160,48.51485148514851
"Vandelux, Alex Maher",49,86,25,160,56.97674418604651
Myke Towers,42,92,25,159,45.65217391304348
"Lil Baby, Lil Durk, Travis Scott",38,99,22,159,38.38383838383838
"Jay Wheeler, DJ Nelson",38,91,28,157,41.75824175824176
Nessa Barrett,53,92,12,157,57.608695652173914
"Young Stoner Life, Young Thug, Gunna",41,103,12,156,39.80582524271845
"Reyanna Maria, Tyga",43,88,24,155,48.86363636363637
Arctic Monkeys,49,92,9,150,53.2608695652174
"Simone & Simaria, Sebastian Yatra",46,77,26,149,59.74025974025974
Lorde,29,89,26,144,32.58426966292135
"Trippie Redd, SoFaygo",37,88,19,144,42.04545454545455
Lil Durk,40,98,5,143,40.816326530612244
Conan Gray,37,91,14,142,40.65934065934066
Neha Kakkar,32,109,0,141,29.357798165137616
"Nelly, Kelly Rowland",26,89,25,140,29.213483146067414
Kina Grannis,30,72,31,133,41.66666666666667
Wun Two,25,80,28,133,31.25
Xilo,36,75,22,133,48.0
deadman 死人,44,88,0,132,50.0
Ghostemane,40,79,12,131,50.63291139240506
DaBaby,31,83,16,130,37.34939759036144
"We The Kings, Elena Coats",31,81,15,127,38.2716049382716
Jhay Cortez,38,73,15,126,52.054794520547944
Lil Uzi Vert,31,88,7,126,35.22727272727273
Rod Wave,33,83,8,124,39.75903614457831
Dr. Dog,38,78,8,124,48.717948717948715
Hoogway,34,69,19,122,49.275362318840585
"Jason Derulo, 2 Chainz",30,78,12,120,38.46153846153847
Sahir Ali Bagga,53,67,0,120,79.1044776119403
Alessia Cara,32,64,20,116,50.0
Celeste,37,69,9,115,53.62318840579711
Saweetie,27,66,17,110,40.909090909090914
Meluchis,25,67,18,110,37.3134328358209
Plain White T's,32,68,9,109,47.05882352941176
CJ,26,68,15,109,38.23529411764706
CEO Trayle,34,66,8,108,51.515151515151516
"Fat Joe, Remy Ma, French Montana, InfaRed",29,69,9,107,42.028985507246375
Sofia Mills,29,61,14,104,47.540983606557376
Melanie Martinez,21,67,16,104,31.343283582089555
Paramore,19,72,12,103,26.38888888888889
"Anuel AA, Chris Jedi",34,69,0,103,49.275362318840585
"Sam Lachow, Blimes and Gab, Ryan Campbell",30,60,11,101,50.0
Mariposa,29,59,13,101,49.152542372881356
Jay Wheeler,26,63,12,101,41.269841269841265
Jasmine Thompson,22,66,12,100,33.33333333333333
Ashanti,25,64,11,100,39.0625
"Justin Quiles, Maluma",27,50,21,98,54.0
Why Don't We,24,61,12,97,39.34426229508197
"Trippie Redd, Playboi Carti",27,60,9,96,45.0
"Kurt Stewart, Lomme",23,57,15,95,40.35087719298245
"Justin Quiles, Daddy Yankee, El Alfa",26,54,15,95,48.148148148148145
Beach House,30,60,4,94,50.0
JK Jones,14,64,16,94,21.875
KAROL G,17,67,8,92,25.37313432835821
Jack Johnson,19,60,12,91,31.666666666666664
Saib,20,54,15,89,37.03703703703704
"Kayla Nicole, Taylor Girlz",21,61,7,89,34.42622950819672
"Cazzu, Justin Quiles",21,56,11,88,37.5
Lil Peep,24,57,5,86,42.10526315789473
No Spirit,19,49,18,86,38.775510204081634
Clairo,27,48,11,86,56.25
Luci4,22,55,8,85,40.0
"Trippie Redd, Sada Baby, Icewear Vezzo, Babyface Ray",26,51,8,85,50.98039215686274
Frances Forever,22,48,13,83,45.83333333333333
"punjabi songs, NseeB",23,52,7,82,44.230769230769226
Hindi Song,21,48,12,81,43.75
Evanescence,18,49,12,79,36.734693877551024
Pooh Shiesty,19,52,8,79,36.53846153846153
"PEDRO SAMPAIO, Daniel Caon, Wesley Safadão",17,48,13,78,35.41666666666667
Van McCoy,18,50,10,78,36.0
Anacri,21,46,10,77,45.65217391304348
"Adrian Jonathan, Cody Martinez",14,44,18,76,31.818181818181817
Big Yavo,23,46,5,74,50.0
Lil Baby,20,53,0,73,37.735849056603776
Laica,25,39,9,73,64.1025641025641
Surfaces,20,46,5,71,43.47826086956522
"AP Dhillon, Gurinder Gill, Money Musik, AR Paisley",13,46,12,71,28.26086956521739
ArrDee,22,41,7,70,53.65853658536586
Twenty One Pilots,20,40,10,70,50.0
Leat'eq,18,40,12,70,45.0
H.E.R.,19,40,10,69,47.5
Sassydee,12,44,13,69,27.27272727272727
SEB,17,42,10,69,40.476190476190474
"Thaman S, Armaan Malik, Shreya Ghoshal",20,33,15,68,60.60606060606061
PnB Rock,17,45,6,68,37.77777777777778
Ajam Soul,11,38,18,67,28.947368421052634
"Trippie Redd, Polo G, Lil Durk",14,46,6,66,30.434782608695656
"J Balvin, KAROL G, Nicky Jam, Crissin, Totoy El Frio, Natan & Shander",12,45,9,66,26.666666666666668
LLusion,20,36,9,65,55.55555555555556
ssgkobe,19,40,6,65,47.5
Nova,19,44,2,65,43.18181818181818
Young Dolph,25,36,3,64,69.44444444444444
"Tiago PZK, LIT killah",15,43,5,63,34.883720930232556
"Malu, DJ Lucas Beat",16,39,8,63,41.02564102564102
Isaiah Rashad,22,37,3,62,59.45945945945946
"Wale, Maxo Kream, Yella Beezy",22,38,2,62,57.89473684210527
Halsey,16,36,10,62,44.44444444444444
Shouse,23,34,3,60,67.64705882352942
TV Culture,15,39,5,59,38.46153846153847
"Tyga, Moneybagg Yo",17,35,6,58,48.57142857142857
Eslabon Armado,21,36,0,57,58.333333333333336
Feid,17,34,5,56,50.0
Mvdb,14,33,9,56,42.42424242424242
Super Simple Songs,8,38,8,54,21.052631578947366
Jesse McCartney,14,31,9,54,45.16129032258064
Karlhto,12,35,7,54,34.285714285714285
"MC Ryan SP, Mc Don Juan, MC Hariel, Ferrugem, Gaab, MC Kevinho, Mc Davi, Mc Dricka, Mc Kevin, Mc Lbx, Mc PP da VS, Mc Pedrinho, Salvador da Rima",11,31,10,52,35.483870967741936
Playboi Carti,17,32,1,50,53.125
vaultboy,15,30,4,49,50.0
Gucci Mane,13,32,4,49,40.625
Gunna,10,35,3,48,28.57142857142857
Kevin Gates,19,28,1,48,67.85714285714286
SPEECHLESS,13,25,10,48,52.0
Mostafa Aman,8,29,11,48,27.586206896551722
"Greeicy, Alejandro Sanz",13,30,4,47,43.333333333333336
salem ilese,8,30,8,46,26.666666666666668
Mitski,8,29,9,46,27.586206896551722
Dixie,6,29,10,45,20.689655172413794
Fleetwood Mac,12,26,6,44,46.15384615384615
"Jhay Cortez, Skrillex",13,27,3,43,48.148148148148145
WHOKILLEDXIX,12,28,2,42,42.857142857142854
Yameii Online,6,26,9,41,23.076923076923077
Sidhart Ji,7,27,7,41,25.925925925925924
Juice WRLD,13,27,1,41,48.148148148148145
Adenio,10,22,8,40,45.45454545454545
"Pooh Shiesty, G Herbo, No More Heroes",12,26,2,40,46.15384615384615
Iamdoechii,9,23,8,40,39.130434782608695
"Peggy Gou, OHHYUK",8,26,6,40,30.76923076923077
Don Toliver,10,23,5,38,43.47826086956522
Tai Verdes,9,26,3,38,34.61538461538461
"Saweetie, Doja Cat",7,24,7,38,29.166666666666668
Coi Leray,14,22,1,37,63.63636363636363
carwash,14,19,4,37,73.68421052631578
Hiko,9,22,5,36,40.909090909090914
"Marc Seguí, Rauw Alejandro, Pol Granch",7,23,6,36,30.434782608695656
Zeina,7,19,8,34,36.84210526315789
Henry Mancini,7,22,5,34,31.818181818181817
Various Artists,7,27,0,34,25.925925925925924
"Sally Sossa, Lil Durk",10,20,4,34,50.0
YNW Melly,12,21,0,33,57.14285714285714
"Yung Bleu, Chris Brown, 2 Chainz",10,22,1,33,45.45454545454545
Oz Sparx,11,17,5,33,64.70588235294117
Ozuna,9,23,0,32,39.130434782608695
DJ Snake,4,23,5,32,17.391304347826086
"Jack Harlow, Big Sean",11,18,3,32,61.111111111111114
Kehlani,6,22,4,32,27.27272727272727
"Rod Wave, Polo G",10,21,1,32,47.61904761904761
YFN Lucci,8,22,1,31,36.36363636363637
"CCA Jonas, 8lanco",8,17,6,31,47.05882352941176
Comethazine,9,21,1,31,42.857142857142854
Daft Punk,10,18,3,31,55.55555555555556
"Lute, DEVN",9,17,4,30,52.94117647058824
Polo G,3,23,4,30,13.043478260869565
"Rich The Kid, YoungBoy Never Broke Again",7,20,3,30,35.0
"ANAVITÓRIA, Jovem Dionisio",7,17,6,30,41.17647058823529
King Von,10,19,0,29,52.63157894736842
"plumpy, daisy maize",7,17,5,29,41.17647058823529
Sarah Nathalié,6,20,3,29,30.0
Lil Double 0,9,19,0,28,47.368421052631575
Julia Wolf,5,20,3,28,25.0
Swedish House Mafia,10,18,0,28,55.55555555555556
Frankie Valli,7,15,6,28,46.666666666666664
The Pussycat Dolls,8,17,2,27,47.05882352941176
YEAT,5,17,5,27,29.411764705882355
EST Gee,12,15,0,27,80.0
"KEVVO, Arcangel, Becky G, Darell",5,16,5,26,31.25
Kiefer,5,16,5,26,31.25
Migos,8,14,4,26,57.14285714285714
Jhené Aiko,8,17,0,25,47.05882352941176
"Don Toliver, Kali Uchis",7,15,3,25,46.666666666666664
"J. Cole, Lil Baby",9,16,0,25,56.25
Brent Faiyaz,8,16,0,24,50.0
Joseline Hernandez,7,17,0,24,41.17647058823529
Lil Murrty,5,19,0,24,26.31578947368421
"Brent Faiyaz, DJ Dahi, Tyler, The Creator",9,15,0,24,60.0
Geek Music,8,15,1,24,53.333333333333336
"Sean Paul, Ty Dolla $ign",4,15,5,24,26.666666666666668
Toosii,6,18,0,24,33.33333333333333
KT Tunstall,6,13,5,24,46.15384615384615
Aminé,7,16,1,24,43.75
Nuski2Squad,9,15,0,24,60.0
A-Wall,8,16,0,24,50.0
"2KBABY, DDG",9,13,2,24,69.23076923076923
SpotemGottem,7,15,1,23,46.666666666666664
Framed,5,18,0,23,27.77777777777778
Lil Yachty,7,16,0,23,43.75
LIL UZI VERT,9,14,0,23,64.28571428571429
Kay Flock,7,16,0,23,43.75
Babyface Ray,7,16,0,23,43.75
The Change,6,13,4,23,46.15384615384615
Kidd G,7,12,3,22,58.333333333333336
Eminem,7,15,0,22,46.666666666666664
Dermot Kennedy,6,14,2,22,42.857142857142854
Dj Erick Mix,9,13,0,22,69.23076923076923
Peter $un,5,11,4,20,45.45454545454545
G Herbo,8,12,0,20,66.66666666666666
Tory Lanez,8,12,0,20,66.66666666666666
Thievery Corporation,6,11,3,20,54.54545454545454
Joe Black,8,11,0,19,72.72727272727273
Yung Bleu,7,12,0,19,58.333333333333336
"Anne-Marie, Little Mix",4,11,4,19,36.36363636363637
ZillaKami,6,12,1,19,50.0
Central Cee,6,12,1,19,50.0
Fredo Bang,6,12,1,19,50.0
Tink,5,13,0,18,38.46153846153847
Nextro,6,10,2,18,60.0
Remi Wolf,1,14,3,18,7.142857142857142
A Boogie Wit da Hoodie,6,11,1,18,54.54545454545454
"Joel Corry, Jax Jones, Charli XCX, Saweetie",6,11,1,18,54.54545454545454
Nothingtosay,4,11,2,17,36.36363636363637
Birdy,3,12,2,17,25.0
Luis R Conriquez,4,13,0,17,30.76923076923077
"Joyner Lucas, Lil Baby",7,10,0,17,70.0
Fat Joe,4,9,3,16,44.44444444444444
Summer Walker,6,10,0,16,60.0
Hotboii,4,12,0,16,33.33333333333333
Tainy,5,11,0,16,45.45454545454545
"T-Pain, Kehlani",4,8,4,16,50.0
Trippie Redd,6,10,0,16,60.0
Azealia Banks,3,12,1,16,25.0
MO3,4,11,0,15,36.36363636363637
Anthony Ramos,5,8,2,15,62.5
Soulja Boy,6,9,0,15,66.66666666666666
Lü Wolff,6,9,0,15,66.66666666666666
Popp Hunna,3,12,0,15,25.0
J. Cole,5,10,0,15,50.0
Big Wild,4,9,2,15,44.44444444444444
"Pi’erre Bourne, Playboi Carti",4,9,2,15,44.44444444444444
DJ SKB,4,10,0,14,40.0
Sleepy Hallow,5,9,0,14,55.55555555555556
Cochise,4,9,1,14,44.44444444444444
"SpotemGottem, NLE Choppa",5,7,2,14,71.42857142857143
P Yungin,4,10,0,14,40.0
Cartis Bunny,2,12,0,14,16.666666666666664
Warren Zeiders,6,8,0,14,75.0
WARMLECHE,4,9,1,14,44.44444444444444
Pink Sweat$,4,9,1,14,44.44444444444444
"Herencia de Patrones, Drakeo the Ruler",4,8,2,14,50.0
Beach Bunny,1,8,5,14,12.5
Chief Keef,5,9,0,14,55.55555555555556
Slump6s,5,9,0,14,55.55555555555556
NoCap,5,8,0,13,62.5
Meek Mill,5,8,0,13,62.5
kokoro,0,8,4,12,0.0
DJ Scheme,3,6,3,12,50.0
yvngxchris,5,7,0,12,71.42857142857143
girl in red,4,8,0,12,50.0
JayDaYoungan,4,8,0,12,50.0
Wale,5,7,0,12,71.42857142857143
EKKSTACY,3,9,0,12,33.33333333333333
"Morat, Danna Paola",2,9,1,12,22.22222222222222
Johnny Cash,5,6,0,11,83.33333333333334
YBN Nahmir,4,6,1,11,66.66666666666666
Liv Harland,5,6,0,11,83.33333333333334
22Gz,4,7,0,11,57.14285714285714
FN DaDealer,5,6,0,11,83.33333333333334
Santa Fe Klan,1,10,0,11,10.0
Jdot Breezy,5,6,0,11,83.33333333333334
Morgan Wallen,4,7,0,11,57.14285714285714
Kali Uchis,2,8,1,11,25.0
Texako,3,7,1,11,42.857142857142854
Lil Poppa,2,9,0,11,22.22222222222222
42 Dugg,4,7,0,11,57.14285714285714
Sweekruti Panda,3,8,0,11,37.5
Money Man,4,7,0,11,57.14285714285714
Glass Animals,3,8,0,11,37.5
Claire Rosinkranz,3,8,0,11,37.5
Fthmlss,2,7,2,11,28.57142857142857
Jaden,5,6,0,11,83.33333333333334
BTS,4,7,0,11,57.14285714285714
EBK Jaaybo,4,7,0,11,57.14285714285714
Boosie Badazz,4,7,0,11,57.14285714285714
"Justin Bieber, benny blanco",3,7,1,11,42.857142857142854
Jelani Aryeh,3,6,2,11,50.0
Rylo Rodriguez,2,8,0,10,25.0
Cimorelli,3,5,2,10,60.0
SRTW,1,9,0,10,11.11111111111111
Yoss Bones,3,7,0,10,42.857142857142854
"Lil Baby, Lil Durk",2,7,1,10,28.57142857142857
Ella Mai,1,9,0,10,11.11111111111111
Natanael Cano,5,5,0,10,100.0
Shoreline Mafia,3,7,0,10,42.857142857142854
Rmc Mike,5,5,0,10,100.0
Rema,4,6,0,10,66.66666666666666
ThemBrothers,3,6,1,10,50.0
Ann Marie,3,7,0,10,42.857142857142854
"Gera MX, Christian Nodal",2,8,0,10,25.0
Fuego,2,8,0,10,25.0
"Dj Wesley Gonzaga, Mc Mr Bim, Mc Saci",3,4,3,10,75.0
Chiky Dee Jay,1,7,2,10,14.285714285714285
Akon,3,7,0,10,42.857142857142854
LMFAO,4,6,0,10,66.66666666666666
Brandy,5,5,0,10,100.0
Imagine Dragons,3,7,0,10,42.857142857142854
"PnB Rock, Kodak Black & A Boogie wit da Hoodie",2,8,0,10,25.0
"DaBaby, OHGEESY",3,6,1,10,50.0
Sara Kays,2,4,4,10,50.0
DUSTY LOCANE,2,7,1,10,28.57142857142857
Yeat,4,5,0,9,80.0
Hunter Hayes,4,5,0,9,80.0
Mac Miller,3,6,0,9,50.0
GMO Stax,3,6,0,9,50.0
Jeremih,3,6,0,9,50.0
Nohone,4,5,0,9,80.0
Dafina Zeqiri,1,8,0,9,12.5
Future,2,7,0,9,28.57142857142857
Jillian Rossi,4,5,0,9,80.0
Navid Zardi,3,6,0,9,50.0
TELYKast,2,5,2,9,40.0
K CAMP,3,6,0,9,50.0
Slimelife Shawty,3,6,0,9,50.0
Logic,4,4,1,9,100.0
SIDEPIECE,3,4,2,9,75.0
$NOT,3,5,1,9,60.0
Kina,2,5,2,9,40.0
"Becky Hill, David Guetta",1,7,1,9,14.285714285714285
ScHoolboy Q,4,5,0,9,80.0
Kurdish Melodi,3,6,0,9,50.0
Peezy,3,6,0,9,50.0
Lucki,4,5,0,9,80.0
mazie,2,5,2,9,40.0
A Boogie Wit Da Hoodie,2,7,0,9,28.57142857142857
Lil Darkie,4,5,0,9,80.0
LAROI WRLD,4,5,0,9,80.0
Los Del Limit,4,5,0,9,80.0
Redfoo,3,4,1,8,75.0
Behnam Bani,3,5,0,8,60.0
amine abouabdellah,3,5,0,8,60.0
Prabh Gill,3,5,0,8,60.0
Mario Judah,1,6,1,8,16.666666666666664
Betcha,3,3,2,8,100.0
Sublime,2,6,0,8,33.33333333333333
Skrillex,3,4,1,8,75.0
Keyshia Cole,2,6,0,8,33.33333333333333
"YBN Nahmir, Lil Eazzyy",4,4,0,8,100.0
"Boosie Badazz, DaBaby",1,5,2,8,20.0
Zach Bryan,2,6,0,8,33.33333333333333
Tyga,2,6,0,8,33.33333333333333
8D Tunes,4,4,0,8,100.0
Kid Cudi,1,7,0,8,14.285714285714285
SAINt JHN,3,5,0,8,60.0
Ice Cube,0,8,0,8,0.0
Amir Eid,4,4,0,8,100.0
Lil Zay Osama,3,5,0,8,60.0
Lofi Fruits Music,4,4,0,8,100.0
Snoop Dogg,1,6,1,8,16.666666666666664
"Emotional Oranges, Vince Staples",3,4,1,8,75.0
Rio Da Yung Og,3,5,0,8,60.0
Lloyd,2,6,0,8,33.33333333333333
Stanley Okorie,3,5,0,8,60.0
Wallie the Sensei,4,4,0,8,100.0
Lil Wayne,3,5,0,8,60.0
$uicideboy$,2,6,0,8,33.33333333333333
NF,3,4,0,7,75.0
Tom The Mail Man,2,4,1,7,50.0
Lud Foe,2,5,0,7,40.0
Blu DeTiger,2,4,1,7,50.0
khai dreams,1,6,0,7,16.666666666666664
Only The Family,3,4,0,7,75.0
OMB Peezy,2,5,0,7,40.0
Bktherula,3,4,0,7,75.0
Nirvana,2,5,0,7,40.0
"Jason Derulo, Snoop Dogg",1,5,1,7,20.0
KiDi,2,5,0,7,40.0
"plumpy, Très Mortimer, BELMONT BOYS",3,4,0,7,75.0
Rawadeed Shia World,2,5,0,7,40.0
Afroman,1,6,0,7,16.666666666666664
Los Dorados,2,5,0,7,40.0
Ben Platt,3,3,1,7,100.0
"Flo Rida, INNA, Timmy Trumpet",2,4,1,7,50.0
Young Stoner Life,3,4,0,7,75.0
"Rich The Kid, Coi Leray",1,4,2,7,25.0
Eazy-E,3,4,0,7,75.0
Jacky Fontanez,3,3,1,7,100.0
Hunxho,3,4,0,7,75.0
Sarah Cothran,3,4,0,7,75.0
Cookiee Kawaii,2,4,1,7,50.0
"Gryffin, Kyle Reynolds",2,3,2,7,66.66666666666666
Tee Grizzley,2,5,0,7,40.0
Greta Van Fleet,3,4,0,7,75.0
فيصل الساهم,3,4,0,7,75.0
DJ Nelson,2,5,0,7,40.0
Grupo Firme,1,6,0,7,16.666666666666664
John Powell,2,5,0,7,40.0
3Breezy,2,5,0,7,40.0
"Surf Mesa, Bipolar Sunshine",2,4,1,7,50.0
City Girls,0,7,0,7,0.0
Classic Jazz,2,5,0,7,40.0
Upchurch,2,5,0,7,40.0
$ofaygo,2,5,0,7,40.0
Jungle,2,5,0,7,40.0
"Coi Leray, Kodak Black, Mustard",1,5,1,7,20.0
Happy Birthday,1,6,0,7,16.666666666666664
Sech,2,5,0,7,40.0
"DJ Snake, Rick Ross, Rich Brian",3,4,0,7,75.0
Sheff G,2,5,0,7,40.0
Daddy Yankee,3,4,0,7,75.0
BØRNS,3,4,0,7,75.0
Joel Beukers,3,4,0,7,75.0
Action Pack,3,3,0,6,100.0
El Alfa,2,4,0,6,50.0
Lakeyah,2,4,0,6,50.0
Steve Lacy,2,4,0,6,50.0
Autumn!,2,4,0,6,50.0
BabySantana,2,4,0,6,50.0
Lil Keed,2,4,0,6,50.0
Banda MS de Sergio Lizárraga,2,4,0,6,50.0
BigWalkDog,2,4,0,6,50.0
"WILLOW, Avril Lavigne, Travis Barker",3,3,0,6,100.0
Big Sean,0,6,0,6,0.0
Ayo & Teo,1,4,1,6,25.0
Money Musik,2,4,0,6,50.0
Don Omar,2,4,0,6,50.0
Quando Rondo,2,4,0,6,50.0
Eric Bellinger,3,3,0,6,100.0
Lonely God,2,4,0,6,50.0
Blake Shelton,2,4,0,6,50.0
Calibre 50,1,5,0,6,20.0
Relaxing Music,2,4,0,6,50.0
Talking Heads,2,4,0,6,50.0
Lil 2z,2,4,0,6,50.0
sadir jubein,2,4,0,6,50.0
DJ BOU TOUREQ,1,5,0,6,20.0
Thundercat,1,5,0,6,20.0
Jambaar Library,1,3,2,6,33.33333333333333
Jerry Di,1,5,0,6,20.0
Quran,2,4,0,6,50.0
Kali,3,3,0,6,100.0
Marca MP,2,4,0,6,50.0
Vibe2Vibe,2,4,0,6,50.0
Kendrick Lamar,1,5,0,6,20.0
Pierce The Veil,2,4,0,6,50.0
Rich Homie Quan,2,3,0,5,66.66666666666666
EBG EJizzle,2,3,0,5,66.66666666666666
JoeBoy,2,3,0,5,66.66666666666666
Foolio,2,3,0,5,66.66666666666666
Yung Baby Tate,2,3,0,5,66.66666666666666
Alikiba,2,3,0,5,66.66666666666666
"Jackboy, Russ",1,4,0,5,25.0
MICHELLE,1,3,1,5,33.33333333333333
Rick and Morty,2,3,0,5,66.66666666666666
Lana Del Rey,1,4,0,5,25.0
Fetty Wap,0,5,0,5,0.0
Cigarettes After Sex,2,3,0,5,66.66666666666666
Nelly,1,4,0,5,25.0
love shayla,2,3,0,5,66.66666666666666
Ulices Chaidez,2,3,0,5,66.66666666666666
Anitta,1,3,1,5,33.33333333333333
Amr Mostafa,1,4,0,5,25.0
jxdn,1,4,0,5,25.0
"Amorphous, Kehlani",1,3,1,5,33.33333333333333
"Anthony Ramos, Leslie Grace, Marc Anthony",1,3,1,5,33.33333333333333
Masicka,2,3,0,5,66.66666666666666
Farizki,2,3,0,5,66.66666666666666
Father John Misty,2,2,1,5,100.0
"Only The Family, Lil Durk",2,3,0,5,66.66666666666666
Ashe,1,3,1,5,33.33333333333333
Hamada Nashawaty,1,4,0,5,25.0
Rooga,0,5,0,5,0.0
YSN Marrr,2,3,0,5,66.66666666666666
"Juicy J, Pooh Shiesty",2,3,0,5,66.66666666666666
Emotional Oranges,2,2,1,5,100.0
Kshordy,1,4,0,5,25.0
Nancy Ajram,1,4,0,5,25.0
Aly & AJ,2,2,1,5,100.0
blackbear,2,3,0,5,66.66666666666666
La Santa Grifa,2,3,0,5,66.66666666666666
Ian Ewing,2,3,0,5,66.66666666666666
Wiz Khalifa,2,3,0,5,66.66666666666666
Bo Bundy,2,3,0,5,66.66666666666666
Shabaz Zamani,2,3,0,5,66.66666666666666
Layton Greene,2,3,0,5,66.66666666666666
Yung Mal,2,3,0,5,66.66666666666666
Xenic,2,3,0,5,66.66666666666666
Adekunle Gold,1,4,0,5,25.0
Big Scarr,2,3,0,5,66.66666666666666
Marshmello,2,3,0,5,66.66666666666666
"Rain Radio, DJ Craig Gorman",0,4,1,5,0.0
Plies,2,3,0,5,66.66666666666666
Dean Martin,2,3,0,5,66.66666666666666
OCTAVIO the Dweeb,1,4,0,5,25.0
Key Glock,2,3,0,5,66.66666666666666
Suldaan Seeraar,2,3,0,5,66.66666666666666
ARZ,2,3,0,5,66.66666666666666
Lil Moe 6Blocka,2,3,0,5,66.66666666666666
TV Girl,2,3,0,5,66.66666666666666
Luar La L,1,4,0,5,25.0
George Strait,2,3,0,5,66.66666666666666
Deftones,2,3,0,5,66.66666666666666
Milkz,1,3,1,5,33.33333333333333
DeeBaby,2,3,0,5,66.66666666666666
Samantha Harvey,2,3,0,5,66.66666666666666
YN Jay,1,4,0,5,25.0
Jason Derulo,1,3,1,5,33.33333333333333
"6VIB3Z, lilcheatcod",2,3,0,5,66.66666666666666
Kaur B,2,3,0,5,66.66666666666666
"YNW Melly, YNW Gunna, Hotboii",2,3,0,5,66.66666666666666
Wolf,2,3,0,5,66.66666666666666
Kim McCoy,2,3,0,5,66.66666666666666
Dua Lipa,2,3,0,5,66.66666666666666
Yung Caza,2,3,0,5,66.66666666666666
Sofía Valdés,2,3,0,5,66.66666666666666
Chase Atlantic,1,4,0,5,25.0
Toby Keith,2,3,0,5,66.66666666666666
LilCJ Kasino,2,2,0,4,100.0
بدر العزي,1,3,0,4,33.33333333333333
Maze,2,2,0,4,100.0
باسم الكربلائي,1,3,0,4,33.33333333333333
Ghosu,1,3,0,4,33.33333333333333
Serena Isioma,0,4,0,4,0.0
808Bambam,2,2,0,4,100.0
Maxamed Bk,1,3,0,4,33.33333333333333
Grupo Marca Registrada,2,2,0,4,100.0
Lil Skies,0,4,0,4,0.0
Lil Tjay ft Tj Porter,2,2,0,4,100.0
Hiatus Kaiyote,2,2,0,4,100.0
Li Heat,2,2,0,4,100.0
Alan Hernandez Oficial,2,2,0,4,100.0
Fana Hues,2,2,0,4,100.0
757 BA,1,3,0,4,33.33333333333333
Selena Gomez & The Scene,2,2,0,4,100.0
Haval Ibrahim,2,2,0,4,100.0
Falling In Reverse,2,2,0,4,100.0
Guapo,1,3,0,4,33.33333333333333
Faith Hill,1,3,0,4,33.33333333333333
WILLOW,1,3,0,4,33.33333333333333
"Twista, CeeLo Green",1,2,1,4,50.0
mrs.tissue,1,3,0,4,33.33333333333333
Lil Playah,2,2,0,4,100.0
Hollywood Undead,2,2,0,4,100.0
Lauren Daigle,2,2,0,4,100.0
Thomas Rhett,1,3,0,4,33.33333333333333
Sub Urban,1,2,1,4,50.0
Miguel,1,3,0,4,33.33333333333333
Syko,1,3,0,4,33.33333333333333
Flowerpot Press,1,3,0,4,33.33333333333333
Hopsin,2,2,0,4,100.0
Selena Gomez,1,3,0,4,33.33333333333333
6LACK,2,2,0,4,100.0
SEBASTIAN PAUL,1,3,0,4,33.33333333333333
Mike Jones,1,3,0,4,33.33333333333333
26ar,2,2,0,4,100.0
Hephae Ocho,2,2,0,4,100.0
Vybz Kartel,1,3,0,4,33.33333333333333
4TF,1,3,0,4,33.33333333333333
1 King,1,3,0,4,33.33333333333333
Alexandre Pachabezian,2,2,0,4,100.0
SSG Splurge,2,2,0,4,100.0
FearlezzBeats,2,2,0,4,100.0
Frank Sinatra,0,4,0,4,0.0
Mc Davi,2,2,0,4,100.0
Abdul Kader Akkari,1,3,0,4,33.33333333333333
2Two Chaud,2,2,0,4,100.0
Aaron May,2,2,0,4,100.0
Sura İskenderli,1,3,0,4,33.33333333333333
Styles P,2,2,0,4,100.0
BENEE,2,2,0,4,100.0
Lil Jairmy,2,2,0,4,100.0
DJ Maphorisa,2,2,0,4,100.0
XXXTentacion,1,3,0,4,33.33333333333333
Pia Mia,2,2,0,4,100.0
Doobie,2,2,0,4,100.0
Double-007,2,2,0,4,100.0
James Lover,2,2,0,4,100.0
POPCAAN,2,2,0,4,100.0
Splack Pack,1,3,0,4,33.33333333333333
"bbno$, Yung Gravy",1,2,1,4,50.0
Bankrol Hayden,2,2,0,4,100.0
Nipsey Hussle,2,2,0,4,100.0
Slipknot,2,2,0,4,100.0
Banda Los Sebastianes,2,2,0,4,100.0
Slowed Bunny,1,3,0,4,33.33333333333333
Los Alegres Del Barranco,2,2,0,4,100.0
EBK Young Joc,1,3,0,4,33.33333333333333
Jacquees,1,3,0,4,33.33333333333333
Luke Bryan,1,3,0,4,33.33333333333333
Niko Rubio,0,2,2,4,0.0
Jordan Davis,2,2,0,4,100.0
Chayce Beckham,2,2,0,4,100.0
TScottyy,2,2,0,4,100.0
Banda Carnaval,2,2,0,4,100.0
"Bizarrap, Snow Tha Product",0,2,2,4,0.0
Karan Aujla,2,2,0,4,100.0
Orca Vibes,1,3,0,4,33.33333333333333
Purple Llusion,0,3,1,4,0.0
Brett Young,1,3,0,4,33.33333333333333
Karol G,0,4,0,4,0.0
Zaytoven,2,2,0,4,100.0
Zedline,1,3,0,4,33.33333333333333
"Blueface, Og Bobby Billions",1,3,0,4,33.33333333333333
"Blueface, Calboy",1,2,1,4,50.0
Dee Watkins,1,3,0,4,33.33333333333333
Devour,1,3,0,4,33.33333333333333
Yung Joc,2,2,0,4,100.0
Dexta Daps,1,3,0,4,33.33333333333333
Tony Kakkar,1,3,0,4,33.33333333333333
Diamond Platnumz,2,2,0,4,100.0
Black Sherif,1,3,0,4,33.33333333333333
RVSHVD,2,2,0,4,100.0
Black Eyed Peas,2,2,0,4,100.0
Bizzy Banks,1,3,0,4,33.33333333333333
Jacob Sartorius,2,2,0,4,100.0
blink-182,2,2,0,4,100.0
Bam StaxkAlot,1,3,0,4,33.33333333333333
"Smiley, Drake",1,3,0,4,33.33333333333333
J.I the Prince of N.Y,2,2,0,4,100.0
Kurupt,2,2,0,4,100.0
Youssif ELmasry,2,2,0,4,100.0
Young Nudy,2,2,0,4,100.0
Arijit Singh,1,3,0,4,33.33333333333333
"Justin Quiles, Arcangel, Dalex, KEVVO",1,3,0,4,33.33333333333333
Ethel Cain,1,3,0,4,33.33333333333333
Paris Café Society,1,3,0,4,33.33333333333333
Junior H x Natanael Cano,1,3,0,4,33.33333333333333
Roadrunner Glockboyz Tez,1,3,0,4,33.33333333333333
"LAGOS, Danny Ocean",0,3,1,4,0.0
Wail Bouri,1,3,0,4,33.33333333333333
Limp Bizkit,2,2,0,4,100.0
Countdown Singers,0,3,1,4,0.0
Avicii,0,4,0,4,0.0
Enrique Iglesias,2,2,0,4,100.0
DDG,1,3,0,4,33.33333333333333
Ayesha Erotica,1,3,0,4,33.33333333333333
Bad Bunny,1,3,0,4,33.33333333333333
BLACKPINK,1,3,0,4,33.33333333333333
Edicion Especial,2,2,0,4,100.0
Eduardo Luzquiños,2,2,0,4,100.0
Eduardo XD,2,2,0,4,100.0
convolk,2,2,0,4,100.0
KountUpWitdak,2,2,0,4,100.0
El Makabelico,2,2,0,4,100.0
Ne-Yo,0,4,0,4,0.0
JONY,0,4,0,4,0.0
Popcaan,1,3,0,4,33.33333333333333
Nate Dogg,2,2,0,4,100.0
Christian Nodal,0,4,0,4,0.0
glaive,2,2,0,4,100.0
Lil Kayla,1,2,0,3,50.0
John Summit,1,2,0,3,50.0
Justin Moore,1,2,0,3,50.0
Susan Sunnemo,1,2,0,3,50.0
MF DOOM,1,2,0,3,50.0
MC Marks,0,3,0,3,0.0
Meow,1,2,0,3,50.0
Lil Duval,1,2,0,3,50.0
Lil Barnacle,1,2,0,3,50.0
Tommy Royale,0,2,1,3,0.0
KTEDraco,0,3,0,3,0.0
"KORDELYA, õndas",0,2,1,3,0.0
Junior H,1,2,0,3,50.0
KIDZ BOP Kids,1,2,0,3,50.0
K Camp,1,2,0,3,50.0
Juice Armani,1,2,0,3,50.0
MILES,1,1,1,3,100.0
Josh Turner,1,2,0,3,50.0
Troop,1,2,0,3,50.0
Kamaiyah,1,2,0,3,50.0
Internet Money,1,2,0,3,50.0
Icewear Vezzo,1,2,0,3,50.0
Lil' Troy,1,2,0,3,50.0
India.Arie,0,3,0,3,0.0
Mary J. Blige,1,2,0,3,50.0
"Ingrid Andress, Sam Hunt",0,3,0,3,0.0
J. COLE,1,2,0,3,50.0
Tierra Whack,1,2,0,3,50.0
The Lumineers,0,3,0,3,0.0
TWICE,1,2,0,3,50.0
Kyle Lux,1,2,0,3,50.0
Kylesimps,1,2,0,3,50.0
Maxamed BK,1,2,0,3,50.0
Masked Wolf,1,2,0,3,50.0
Iskilaaji,1,2,0,3,50.0
LINKIN PARK,1,2,0,3,50.0
Lildeath,1,2,0,3,50.0
"LUM!X, Gabry Ponte",1,1,1,3,100.0
Koushik,1,2,0,3,50.0
Koba LaD,1,2,0,3,50.0
T3R Elemento,1,2,0,3,50.0
Jelly Roll,1,2,0,3,50.0
Maná,0,3,0,3,0.0
Twood,1,2,0,3,50.0
Los Tucanes de Tijuana,0,3,0,3,0.0
Trevon Payne,1,2,0,3,50.0
Lil Polo Da Don,1,2,0,3,50.0
Khan Bhaini,1,2,0,3,50.0
Trinidad Cardona,1,2,0,3,50.0
Matchbox Twenty,1,2,0,3,50.0
The Verve,1,2,0,3,50.0
"Kidd G, Lil Uzi Vert",1,1,1,3,100.0
Jason Aldean,1,2,0,3,50.0
T-Pain,1,2,0,3,50.0
Kizz Daniel,1,2,0,3,50.0
Lani Love,1,2,0,3,50.0
Khi Infinite,1,1,1,3,100.0
Selena,0,3,0,3,0.0
Duvy,1,2,0,3,50.0
"YNW Melly, Lil Tjay",1,2,0,3,50.0
YFR Nick,1,2,0,3,50.0
Dej Loaf,1,2,0,3,50.0
Ol' Dirty Bastard,1,2,0,3,50.0
drako2k,1,2,0,3,50.0
diveliner,1,1,1,3,100.0
B.o.B,0,3,0,3,0.0
BAYLI,1,2,0,3,50.0
Dayglow,1,2,0,3,50.0
Risko Funk,1,2,0,3,50.0
YSG Migo,1,2,0,3,50.0
Darkoo,1,2,0,3,50.0
Baani Sandhu,1,2,0,3,50.0
DannyLux,1,2,0,3,50.0
Damu The Fudgemunk,0,3,0,3,0.0
"chloe moriondo, mazie",1,2,0,3,50.0
carson harrelson,1,2,0,3,50.0
"glaive, ericdoa",1,2,0,3,50.0
Diamond Audio,1,2,0,3,50.0
Ellie D.,1,2,0,3,50.0
kashmoneyquatro,1,2,0,3,50.0
Alvaro Soler,1,2,0,3,50.0
Never Broke Again,1,2,0,3,50.0
Amarirochelle,1,2,0,3,50.0
Nik Tendo,0,3,0,3,0.0
Nivel Codiciado,1,2,0,3,50.0
WizKid,1,2,0,3,50.0
Dthang,1,2,0,3,50.0
Dr. Dre,1,2,0,3,50.0
August Alsina,1,2,0,3,50.0
Anuel AA,1,2,0,3,50.0
iskilze,1,2,0,3,50.0
RmxGuy,1,2,0,3,50.0
iZNiiK,1,1,1,3,100.0
i-genius,1,2,0,3,50.0
Atif Aslam,1,2,0,3,50.0
"Dillon Francis, 220 KID, Bryn Christopher",1,1,1,3,100.0
bülow,1,2,0,3,50.0
Da Real Gee Money,1,2,0,3,50.0
"Ovy On The Drums, Beéle, Bad Milk",0,3,0,3,0.0
Bon Iver,1,2,0,3,50.0
"Yung Bleu, Big Sean",1,2,0,3,50.0
Hardi Salami,1,2,0,3,50.0
Chord Overstreet,1,2,0,3,50.0
Ramirez,1,2,0,3,50.0
BigKayBeezy,1,2,0,3,50.0
Channel Tres,1,2,0,3,50.0
ROLE MODEL,0,3,0,3,0.0
Yung Yash,1,2,0,3,50.0
bbno$,1,2,0,3,50.0
Campehd,1,2,0,3,50.0
Yvng Waldo,1,2,0,3,50.0
"Cake Pop, Dylan Brady, Ravenna Golden, Pritty, Aaron Cartier",1,1,1,3,100.0
Bossa Nova Jazz,1,2,0,3,50.0
Cake Pop,1,1,1,3,100.0
"Pop Smoke, Dua Lipa",1,2,0,3,50.0
Quality Control,0,3,0,3,0.0
Coby,1,2,0,3,50.0
Peppa Pig,1,2,0,3,50.0
Colby Lafayette,1,1,1,3,100.0
Pcc,1,2,0,3,50.0
Yes,1,2,0,3,50.0
DJ Dmonio,1,2,0,3,50.0
Soccer Mommy,0,3,0,3,0.0
DCG Bsavv,1,2,0,3,50.0
Young Flex,1,2,0,3,50.0
Zuchu,1,2,0,3,50.0
Young M.A,1,2,0,3,50.0
Parker McCollum,1,2,0,3,50.0
Cuco,1,2,0,3,50.0
Bhad Bhabie,0,3,0,3,0.0
"Paty B, Mario Puglia",1,2,0,3,50.0
Paulii,1,2,0,3,50.0
Young Pappy,1,2,0,3,50.0
Rasta,1,2,0,3,50.0
Courtney Drummey,1,2,0,3,50.0
Ella Henderson,1,2,0,3,50.0
OBN Jay,1,2,0,3,50.0
Alaina Castillo,0,2,1,3,0.0
Aleksa Safiya,1,2,0,3,50.0
Grupo Pegasso,1,2,0,3,50.0
SAINT PHNX,1,2,0,3,50.0
SHANTANU MUSIC,0,3,0,3,0.0
Summrs,0,3,0,3,0.0
Valentino Khan,0,1,2,3,0.0
Adso Alejandro,1,2,0,3,50.0
Muhammad Al Muqit,1,2,0,3,50.0
FatMigo,1,2,0,3,50.0
6ix9ine,0,3,0,3,0.0
Gene Kelly,0,3,0,3,0.0
Faye Webster,2,1,0,3,200.0
Modernmadeit,1,2,0,3,50.0
"sora.wav, Chevy",1,2,0,3,50.0
Mozzy,1,2,0,3,50.0
شيمي,0,3,0,3,0.0
Monaleo,1,2,0,3,50.0
Abi,1,2,0,3,50.0
Vedo,1,2,0,3,50.0
Mouse On Tha Track,1,2,0,3,50.0
Sadek,1,2,0,3,50.0
MoneyMarr,1,2,0,3,50.0
Moneymeelz,1,2,0,3,50.0
Mont,1,2,0,3,50.0
Vicnumba7,1,2,0,3,50.0
Sam Hunt,1,2,0,3,50.0
Alec Benjamin,0,2,1,3,0.0
Freddie Gibbs,1,2,0,3,50.0
Stevie Wonder,1,2,0,3,50.0
Sebastian Yatra,1,2,0,3,50.0
Roul,1,2,0,3,50.0
UpChurch,1,2,0,3,50.0
HUTS,1,2,0,3,50.0
Walkdown Dame,0,3,0,3,0.0
FCG Heem,1,2,0,3,50.0
3 Doors Down,0,3,0,3,0.0
NO Savage,1,2,0,3,50.0
33DRE,1,2,0,3,50.0
منصور الوايلي,1,2,0,3,50.0
Shanaz,1,2,0,3,50.0
"Savage Ga$p, 8percent, Astrus*",0,3,0,3,0.0
Russ Millions,1,2,0,3,50.0
The Backseat Lovers,1,1,0,2,100.0
Teyana Taylor,1,1,0,2,100.0
Santi,1,1,0,2,100.0
Sammy Kershaw,1,1,0,2,100.0
The Charlie Daniels Band,1,1,0,2,100.0
Lil Mosey,1,1,0,2,100.0
Quin NFN,0,2,0,2,0.0
Tgstackz,0,2,0,2,0.0
Simple Plan,0,2,0,2,0.0
Raveena,1,1,0,2,100.0
Sickboyrari,1,1,0,2,100.0
Ratchet Rome,1,1,0,2,100.0
Quad City DJ's,0,2,0,2,0.0
Sinaysayli,1,1,0,2,100.0
The Breeders,1,1,0,2,100.0
Self Made Breezy,1,1,0,2,100.0
The Bird And The Bee,1,1,0,2,100.0
Sapphire,1,1,0,2,100.0
Th CDM,1,1,0,2,100.0
Scorey,1,1,0,2,100.0
Randy Rogers Band,1,1,0,2,100.0
REXXXX,1,1,0,2,100.0
RH Music & Eduardo Luzquiños,1,1,0,2,100.0
Loski,1,1,0,2,100.0
Simi,1,1,0,2,100.0
R3HAB,1,1,0,2,100.0
Savage Ga$p,1,1,0,2,100.0
Qutaiba,1,1,0,2,100.0
Sik World,1,1,0,2,100.0
Lil Migo,1,1,0,2,100.0
Quinto V Imperio,0,2,0,2,0.0
Rainbow Kitten Surprise,1,1,0,2,100.0
Sia,1,1,0,2,100.0
Saucy Shawn,1,1,0,2,100.0
Los Temerarios,1,1,0,2,100.0
Sasy,1,1,0,2,100.0
Ramy Sabry,1,1,0,2,100.0
Quinn XCII,1,1,0,2,100.0
Quin Nfn,1,1,0,2,100.0
Louie5Bandz,1,1,0,2,100.0
Sayyhuncho,1,1,0,2,100.0
Los Primos MX,1,1,0,2,100.0
Shawn Mendes,1,1,0,2,100.0
The Dazees,1,1,0,2,100.0
Lil Oasis,1,1,0,2,100.0
The Kooks,1,1,0,2,100.0
Shakur Luciano,1,1,0,2,100.0
The Head And The Heart,1,1,0,2,100.0
Promi$e,1,1,0,2,100.0
Ritchie Valens,1,1,0,2,100.0
Riub DJ,0,2,0,2,0.0
Rusted Root,1,1,0,2,100.0
Little Big Town,1,1,0,2,100.0
Lit Cosmo,1,1,0,2,100.0
Lirico En La Casa,1,1,0,2,100.0
RuskieBanana,1,1,0,2,100.0
Ro Ryon,1,1,0,2,100.0
Rucci,1,1,0,2,100.0
RuPaul,1,1,0,2,100.0
Roy Kk,1,1,0,2,100.0
Rayvanny,1,1,0,2,100.0
Rob Zombie,1,1,0,2,100.0
Shelly Lares,1,1,0,2,100.0
Roberto Tapia,1,1,0,2,100.0
Robyn The Bank,1,1,0,2,100.0
Rochy RD,1,1,0,2,100.0
She Wants Revenge,1,1,0,2,100.0
Rod Riigo,1,1,0,2,100.0
"Roddy Ricch, Ty Dolla $ign",1,1,0,2,100.0
Rotimi,1,1,0,2,100.0
Romano Santino,1,1,0,2,100.0
Ronnie Bandino,1,1,0,2,100.0
Lil Yungin,1,1,0,2,100.0
Rose Royce,0,2,0,2,0.0
LoFi Waiter,1,1,0,2,100.0
Shadi Kassem,1,1,0,2,100.0
Locko,1,1,0,2,100.0
Lodiodi,1,1,0,2,100.0
Send Request,1,1,0,2,100.0
SiLLy ViRaL,1,1,0,2,100.0
Rebelution,1,1,0,2,100.0
Shwe Htoo,1,1,0,2,100.0
Salif Keita,1,1,0,2,100.0
Los Dareyes De La Sierra,1,1,0,2,100.0
Shwayze,1,1,0,2,100.0
Lil' Kim,1,1,0,2,100.0
Sakura,1,1,0,2,100.0
Relaxing Morning Music,1,1,0,2,100.0
Relaxing Radiance,1,1,0,2,100.0
Rell Shellz,1,1,0,2,100.0
Seventeen,1,1,0,2,100.0
Saace,0,2,0,2,0.0
Lil Scoobie,1,1,0,2,100.0
The Marías,1,1,0,2,100.0
Rick Ross,0,2,0,2,0.0
SUSU,0,2,0,2,0.0
Shaa Gz,1,1,0,2,100.0
Lord Huron,0,2,0,2,0.0
SMYLES,1,1,0,2,100.0
Lil Skeet,1,1,0,2,100.0
Ricky Rich,1,1,0,2,100.0
Rico Cartel,0,2,0,2,0.0
Shordie Shordie,1,1,0,2,100.0
Rio Da Yung OG Louie Ray,1,1,0,2,100.0
Riovaz,1,1,0,2,100.0
Puma Blue,1,1,0,2,100.0
Metro Boomin,1,1,0,2,100.0
Singuila,1,1,0,2,100.0
Mustafa Barak,1,1,0,2,100.0
Naughty By Nature,1,1,0,2,100.0
Nate Smith,1,1,0,2,100.0
Masala Roo,1,1,0,2,100.0
Nafe Smallz,1,1,0,2,100.0
Stevie Nicks,1,1,0,2,100.0
NBV Tae,0,2,0,2,0.0
Stewart ستيوارت,1,1,0,2,100.0
Stichting Opwekking,1,1,0,2,100.0
StarBoy,1,1,0,2,100.0
Musiq Soulchild,0,2,0,2,0.0
Matt Maeson,1,1,0,2,100.0
Stick Figure,1,1,0,2,100.0
Sticks & Stones,1,1,0,2,100.0
TED,1,1,0,2,100.0
Still Woozy,1,1,0,2,100.0
Musica Cristiana,0,2,0,2,0.0
Neon Trees,1,1,0,2,100.0
Netherfriends,1,1,0,2,100.0
Nuekidinlove,1,1,0,2,100.0
NoSavage,1,1,0,2,100.0
Now United,0,2,0,2,0.0
NostrandBaby,1,1,0,2,100.0
Spinall,1,1,0,2,100.0
Nokiaa,1,1,0,2,100.0
Spirit CJ,1,1,0,2,100.0
Mark Northam,0,2,0,2,0.0
Marko Mandic,1,1,0,2,100.0
"No Doubt, Lady Saw",1,1,0,2,100.0
Staind,1,1,0,2,100.0
No Doubt,1,1,0,2,100.0
Nine Inch Nails,1,1,0,2,100.0
Marwa Loud,1,1,0,2,100.0
Nikos Vertis,1,1,0,2,100.0
Nigpro,1,1,0,2,100.0
Squeezie,1,1,0,2,100.0
Newsboys,1,1,0,2,100.0
Mavado,1,1,0,2,100.0
Music Falcon,1,1,0,2,100.0
T3r Elemento,1,1,0,2,100.0
Miguel Y Miguel,1,1,0,2,100.0
Montana Of 300,1,1,0,2,100.0
Megaraptor,1,1,0,2,100.0
Meize Bentley,1,1,0,2,100.0
Sufjan Stevens,1,1,0,2,100.0
Mild High Club,1,1,0,2,100.0
Sy Ari Da Kid,1,1,0,2,100.0
Miklos Whelan,1,1,0,2,100.0
Michael Villano Chevron$hawty,1,1,0,2,100.0
Muse,1,1,0,2,100.0
Memaar Al Morshedy,0,2,0,2,0.0
Michael Lynche,1,1,0,2,100.0
Michael Abels,1,1,0,2,100.0
MiDO,1,1,0,2,100.0
Mg Sleepy,1,1,0,2,100.0
MemoTheMafioso,1,1,0,2,100.0
Metroacs,1,1,0,2,100.0
Monte Booker,1,1,0,2,100.0
Moo Moo,1,1,0,2,100.0
Mook Boy,1,1,0,2,100.0
Mooski,0,2,0,2,0.0
Stogiie Santana,1,1,0,2,100.0
May D,1,1,0,2,100.0
Ms.OOJA,1,1,0,2,100.0
Stract,1,1,0,2,100.0
Mbosso,0,2,0,2,0.0
Mr Enah,1,1,0,2,100.0
Mozzik,1,1,0,2,100.0
Movie Sounds Unlimited,1,1,0,2,100.0
"Mc Jeffinho, Aflexa no Beat & Mc Kaio",1,1,0,2,100.0
Movie Magic And His Solid Gold Soundtracks,1,1,0,2,100.0
Mc Livinho,1,1,0,2,100.0
Morton Gould,1,1,0,2,100.0
Mori Briscoe,1,1,0,2,100.0
Medico,1,1,0,2,100.0
T.I.,1,1,0,2,100.0
TRAMP STAMPS,1,1,0,2,100.0
Spin Doctors,1,1,0,2,100.0
Prince Swanny,1,1,0,2,100.0
MC WM,0,2,0,2,0.0
Tariq Al Menhali,1,1,0,2,100.0
Slick,1,1,0,2,100.0
Tanner Usrey,1,1,0,2,100.0
Piano Music,1,1,0,2,100.0
Piano Keys,1,1,0,2,100.0
Tank,0,2,0,2,0.0
Peruzzi,1,1,0,2,100.0
"Peach Tree Rascals, AG Club",0,1,1,2,0.0
Taylor Swift,0,2,0,2,0.0
Smash Mouth,0,2,0,2,0.0
MCTR,1,1,0,2,100.0
Patrulla 81,1,1,0,2,100.0
Smino,1,1,0,2,100.0
Tamia,1,1,0,2,100.0
Sneezo Quixk,1,1,0,2,100.0
Parker Irving,1,1,0,2,100.0
MBB,1,1,0,2,100.0
Pixies,0,2,0,2,0.0
O.C. Dawgs,1,1,0,2,100.0
Tekno,1,1,0,2,100.0
Pretty Ricky,0,2,0,2,0.0
Press Play Picture House,1,1,0,2,100.0
Lukas Graham,0,1,1,2,0.0
Sir Mix-A-Lot,1,1,0,2,100.0
Pouya,1,1,0,2,100.0
Porte Diferente,0,2,0,2,0.0
Sixto Rein,1,1,0,2,100.0
Teen Suicide,1,1,0,2,100.0
Pi’erre Bourne,0,2,0,2,0.0
Pool Blue,1,1,0,2,100.0
Lytos,1,1,0,2,100.0
Pleight,1,1,0,2,100.0
PlayboyXO,1,1,0,2,100.0
Ski Mask the Slump God,0,2,0,2,0.0
Plan B,0,2,0,2,0.0
M24,1,1,0,2,100.0
Tame Impala,1,1,0,2,100.0
Pappy Kojo,1,1,0,2,100.0
Paper Towels,1,1,0,2,100.0
Ocean Waves,1,1,0,2,100.0
Mandisa,1,1,0,2,100.0
Omah Lay,1,1,0,2,100.0
Okay Kaya,1,1,0,2,100.0
OhGeesy,1,1,0,2,100.0
MarMar Oso,1,1,0,2,100.0
Oh No,1,1,0,2,100.0
Of Monsters and Men,1,1,0,2,100.0
Marcus Layton,1,1,0,2,100.0
MIKE,1,1,0,2,100.0
Marcy Chin,1,1,0,2,100.0
Spideyyy,1,1,0,2,100.0
Mareux,1,1,0,2,100.0
OLA RUNT,1,1,0,2,100.0
OK Go,1,1,0,2,100.0
Marino Freshman,1,1,0,2,100.0
O.T. Genasis,1,1,0,2,100.0
Manantial de Vida,1,1,0,2,100.0
Omar Apollo,1,1,0,2,100.0
Omb Peezy,1,1,0,2,100.0
Sound Effects,0,2,0,2,0.0
Sobel,1,1,0,2,100.0
Soch The Rapper,1,1,0,2,100.0
PG Ra,1,1,0,2,100.0
PAW Patrol,1,1,0,2,100.0
Talhah Yunus,1,1,0,2,100.0
Talented1337,1,1,0,2,100.0
PARTYNEXTDOOR,1,1,0,2,100.0
Ozbi,1,1,0,2,100.0
Sonta,1,1,0,2,100.0
Macklemore,1,1,0,2,100.0
MadeinTYO,1,1,0,2,100.0
Orkhan Rza,0,2,0,2,0.0
Magdala,1,1,0,2,100.0
Mahmood Raza Qadri,0,2,0,2,0.0
Makano,0,2,0,2,0.0
Phantogram,0,2,0,2,0.0
Lil Bill,1,1,0,2,100.0
Duwap Kaine,1,1,0,2,100.0
DJ Kayz,0,2,0,2,0.0
Croosh,1,1,0,2,100.0
Crumb,1,1,0,2,100.0
Culture Jam,0,2,0,2,0.0
Curtis Williams,1,1,0,2,100.0
"Cypress Moreno, Drego & Beno",1,1,0,2,100.0
Cyraq,1,1,0,2,100.0
D.G. YOLA,1,1,0,2,100.0
D.O.D,0,1,1,2,0.0
D.O.F MOB,1,1,0,2,100.0
DB.Boutabag,0,2,0,2,0.0
DJ Bando,1,1,0,2,100.0
DJ Chico,1,1,0,2,100.0
Yolta,1,1,0,2,100.0
DJ JOHN,1,1,0,2,100.0
DJ Khaled,1,1,0,2,100.0
Fall Out Boy,1,1,0,2,100.0
DJ Maestro,1,1,0,2,100.0
Yellowcard,1,1,0,2,100.0
DJ Pyfo,1,1,0,2,100.0
Yella Beezy,1,1,0,2,100.0
DJ Smuddpurpp,1,1,0,2,100.0
Yei Lirycs,1,1,0,2,100.0
Yan Block,0,1,1,2,0.0
Da Crook,1,1,0,2,100.0
Dagames,1,1,0,2,100.0
Damian Marley,1,1,0,2,100.0
Dan + Shay,1,1,0,2,100.0
Dante YN,1,1,0,2,100.0
Dear Landlord,1,1,0,2,100.0
YNN Cooter,1,1,0,2,100.0
CrittyOnDaTrak,1,1,0,2,100.0
Creedence Clearwater Revival,0,2,0,2,0.0
Creed,1,1,0,2,100.0
Young Scooter,0,2,0,2,0.0
Yurub Geenyo,1,1,0,2,100.0
Yungeen Ace,0,2,0,2,0.0
Case,1,1,0,2,100.0
Cash Kidd,1,1,0,2,100.0
Cassidi,1,1,0,2,100.0
Cavendish Music,0,2,0,2,0.0
CeeGee,1,1,0,2,100.0
Celldweller,1,1,0,2,100.0
Chaka Khan,1,1,0,2,100.0
Chalak Arif چالاک عارف,1,1,0,2,100.0
Chamillionaire,0,2,0,2,0.0
Chance the Rapper,1,1,0,2,100.0
Yung Fazo,1,1,0,2,100.0
Yung Dastard,1,1,0,2,100.0
"Chau Dang Khoa, Sofia, Khói, Nhí, TiLo",1,1,0,2,100.0
Cheb Handi,1,1,0,2,100.0
Cheb Handi Officiel,1,1,0,2,100.0
Cheb Hasni,1,1,0,2,100.0
Cher,1,1,0,2,100.0
Chiccote's Beats,1,1,0,2,100.0
Chill Machine,1,1,0,2,100.0
Chiqui Chiquititos,0,2,0,2,0.0
Chocolate Star,1,1,0,2,100.0
Chris LeDoux,1,1,0,2,100.0
Younq Kye,1,1,0,2,100.0
Cocomelon,0,2,0,2,0.0
Coded Channel,1,1,0,2,100.0
Youngboy Top,1,1,0,2,100.0
Young the Giant,1,1,0,2,100.0
Deemz,1,1,0,2,100.0
"YG, Mozzy, A Boogie Wit da Hoodie",0,1,1,2,0.0
Dekko,1,1,0,2,100.0
Willis,1,1,0,2,100.0
"EST Gee, Lil Baby, 42 Dugg, Rylo Rodriguez",1,1,0,2,100.0
Easy Smith,1,1,0,2,100.0
Wildlife,1,1,0,2,100.0
Why G,1,1,0,2,100.0
Whoppa Wit Da Choppa,1,1,0,2,100.0
Edot Babyy,1,1,0,2,100.0
Whookilledkenny,0,1,1,2,0.0
El Fecho RD,1,1,0,2,100.0
El Hitta,1,1,0,2,100.0
El Kila,1,1,0,2,100.0
El Komander,1,1,0,2,100.0
El Nxxse,1,1,0,2,100.0
El Seis,1,1,0,2,100.0
Whelp,0,2,0,2,0.0
Wes Nelson,0,2,0,2,0.0
Elley Duhé,0,2,0,2,0.0
Elliott Smith,1,1,0,2,100.0
Were-vana,1,1,0,2,100.0
Emmit Fenn,1,1,0,2,100.0
Empire of the Sun,1,1,0,2,100.0
Epidemic7,1,1,0,2,100.0
Wendy Shay,1,1,0,2,100.0
Weiland,1,1,0,2,100.0
Eric Jacobsen,1,1,0,2,100.0
Wayne Wonder,1,1,0,2,100.0
Escape The Fate,1,1,0,2,100.0
FBG Boomer,1,1,0,2,100.0
FREDOBAGZ,1,1,0,2,100.0
Fabolous,0,2,0,2,0.0
EMC Senatra,1,1,0,2,100.0
Willow,0,2,0,2,0.0
Delano,1,1,0,2,100.0
EDM Blaster,1,1,0,2,100.0
Dena Mwana,1,1,0,2,100.0
Destroy Lonely,1,1,0,2,100.0
Dewi Perssik,1,1,0,2,100.0
Diddy,1,1,0,2,100.0
Digga D,1,1,0,2,100.0
Disturbing Tha Peace,0,2,0,2,0.0
Dj Flyy,1,1,0,2,100.0
Dj Snake Haiti,1,1,0,2,100.0
Dj Young Mty,1,1,0,2,100.0
YB,1,1,0,2,100.0
Dodesz,1,1,0,2,100.0
Doja Cat,1,1,0,2,100.0
Xavier Youngboy,1,1,0,2,100.0
Domani,1,1,0,2,100.0
Dominik,1,1,0,2,100.0
Domino,1,1,0,2,100.0
Don Lore V,1,1,0,2,100.0
XXCHICØ,1,1,0,2,100.0
X Ambassadors,1,1,0,2,100.0
Woonka,1,1,0,2,100.0
Wolfgang Amadeus Mozart,0,2,0,2,0.0
DripBoiJ,0,2,0,2,0.0
Dsteez,1,1,0,2,100.0
Dubskie,1,1,0,2,100.0
Duke Deuce,1,1,0,2,100.0
Duster,1,1,0,2,100.0
Lil God Dan,1,1,0,2,100.0
Dwight Yoakam,1,1,0,2,100.0
Dynamo,1,1,0,2,100.0
Calming Piano Therapy,0,2,0,2,0.0
Calimar White,1,1,0,2,100.0
Yxng Bane,1,1,0,2,100.0
Ahmed Jahanzeb,1,1,0,2,100.0
Aish,0,2,0,2,0.0
sadeyes,1,1,0,2,100.0
Alacranes Musical,1,1,0,2,100.0
Alan Jackson,1,1,0,2,100.0
Alanis Morissette,1,1,0,2,100.0
Alex Goot,1,1,0,2,100.0
Alex Suarez Dj,0,2,0,2,0.0
osquinn,1,1,0,2,100.0
noeneon,1,1,0,2,100.0
Alina Baraz,1,1,0,2,100.0
mysticphonk,1,1,0,2,100.0
Alkaline,1,1,0,2,100.0
All Time Low,1,1,0,2,100.0
Almighty,1,1,0,2,100.0
midwxst,1,1,0,2,100.0
Alter Bridge,1,1,0,2,100.0
Amaarae,1,1,0,2,100.0
Amanda Perez,1,1,0,2,100.0
Amr Diab,1,1,0,2,100.0
Ana Emilia,0,2,0,2,0.0
Anal Cunt,1,1,0,2,100.0
Andrei Krylov,1,1,0,2,100.0
Andrew Andraos,1,1,0,2,100.0
Angus & Julia Stone,1,1,0,2,100.0
Anna Clendening,1,1,0,2,100.0
Anson Seabra,1,1,0,2,100.0
Arca,1,1,0,2,100.0
Aretha Franklin,1,1,0,2,100.0
Astro Davis,0,2,0,2,0.0
AiA LITT,1,1,0,2,100.0
shotbymondo,1,1,0,2,100.0
Avenged Sevenfold,1,1,0,2,100.0
Adriana Lucia,1,1,0,2,100.0
$hyfromdatre,1,1,0,2,100.0
エックスエックスエックステンタシオン,1,1,0,2,100.0
يوسف باسم - Yousif Basim,1,1,0,2,100.0
03 Greedo,0,2,0,2,0.0
1TakeJay,1,1,0,2,100.0
24kgoldn,1,1,0,2,100.0
2KBABY,1,1,0,2,100.0
2Scratch,1,1,0,2,100.0
2active.Nk,1,1,0,2,100.0
31lildanky,1,1,0,2,100.0
347aidan,1,1,0,2,100.0
4L Gang,1,1,0,2,100.0
5Hunnid Ze',0,2,0,2,0.0
5k Productions,1,1,0,2,100.0
7FN Pooh,1,1,0,2,100.0
رامي صبري,1,1,0,2,100.0
9ockin,1,1,0,2,100.0
A1 x J1,1,1,0,2,100.0
AG Club,1,1,0,2,100.0
"AG Club, ICECOLDBISHOP",1,1,0,2,100.0
ALKALINE,1,1,0,2,100.0
AP Dhillon,0,2,0,2,0.0
AURORA,1,1,0,2,100.0
Ñengo Flow,0,2,0,2,0.0
torrylitty,1,1,0,2,100.0
Abraham Alem Abi,1,1,0,2,100.0
Abu Ubayda,1,1,0,2,100.0
t-low,1,1,0,2,100.0
Adham Nabulsi,1,1,0,2,100.0
Auro,0,2,0,2,0.0
Axelpall07,0,2,0,2,0.0
Z-Ro,1,1,0,2,100.0
Zero 9:36,1,1,0,2,100.0
Blake Neely,1,1,0,2,100.0
Blaqbonez,1,1,0,2,100.0
Zendaya,1,1,0,2,100.0
Bloodysaintt,1,1,0,2,100.0
Blueboy,1,1,0,2,100.0
Blueface,0,2,0,2,0.0
Boss Moneyy,1,1,0,2,100.0
Bow Wow,1,1,0,2,100.0
Box of Music,1,1,0,2,100.0
Braxton Cook,1,1,0,2,100.0
Breskvica,1,1,0,2,100.0
Brett Eldredge,1,1,0,2,100.0
Briston Maroney,1,1,0,2,100.0
Broederliefde,1,1,0,2,100.0
Brokeasf,1,1,0,2,100.0
Brown Skies,1,1,0,2,100.0
Bryann T,1,1,0,2,100.0
Brynn Elliott,0,1,1,2,0.0
Zae France,0,2,0,2,0.0
Bungus,1,1,0,2,100.0
Zach Hood,1,1,0,2,100.0
BushJungle,1,1,0,2,100.0
Buta,0,2,0,2,0.0
C Delly,1,1,0,2,100.0
C-Kan,1,1,0,2,100.0
CBPK,1,1,0,2,100.0
ZEDD,1,1,0,2,100.0
ZAC X,1,1,0,2,100.0
COOL BOY DJ RATHAN,1,1,0,2,100.0
Black Veil Brides,1,1,0,2,100.0
Bizzy Bone,1,1,0,2,100.0
Ayra Starr,1,1,0,2,100.0
Bino Rideaux,1,1,0,2,100.0
Ayzha,1,1,0,2,100.0
Aziz Waisi,1,1,0,2,100.0
BIGBABYGUCCI,1,1,0,2,100.0
BUGGATINO,1,1,0,2,100.0
BWay Yungy,1,1,0,2,100.0
Babes In Toyland,1,1,0,2,100.0
Baby Sleep Through the Night,1,1,0,2,100.0
Babygirl,0,2,0,2,0.0
Bad Boy Timz,0,2,0,2,0.0
Banda Los Recoditos,1,1,0,2,100.0
Bandgang Javar,1,1,0,2,100.0
Banes World,1,1,0,2,100.0
Bankroll Freddie,0,2,0,2,0.0
"Bankroll Freddie, Megan Thee Stallion",0,2,0,2,0.0
Beatking,0,2,0,2,0.0
Beatsbyhcien,1,1,0,2,100.0
Bec Lescano,1,1,0,2,100.0
anatu,1,1,0,2,100.0
Belly,1,1,0,2,100.0
a-ha,1,1,0,2,100.0
Benny Martin,1,1,0,2,100.0
Benoit Hutin,1,1,0,2,100.0
Beto Quintanilla,1,1,0,2,100.0
ZoBeats,1,1,0,2,100.0
Big Block Singsong,1,1,0,2,100.0
Big Boogie,0,2,0,2,0.0
Big Homiie G,1,1,0,2,100.0
Big Jugg,1,1,0,2,100.0
Zeu,1,1,0,2,100.0
Fadi Abboud,1,1,0,2,100.0
Jada Facer,1,1,0,2,100.0
Fally Ipupa,1,1,0,2,100.0
Jay Scott,1,1,0,2,100.0
JD Pantoja,1,1,0,2,100.0
Seem Sos,1,1,0,2,100.0
Kurt Cobain,0,2,0,2,0.0
Jahvillani,1,1,0,2,100.0
Jake B,1,1,0,2,100.0
James Brown & The Famous Flames,1,1,0,2,100.0
Jamie,0,2,0,2,0.0
Jauria Santa,1,1,0,2,100.0
Jay Brown,1,1,0,2,100.0
Jay Fizzle,1,1,0,2,100.0
Kt Foreign,1,1,0,2,100.0
Ksoo,1,1,0,2,100.0
J-Wonn,1,1,0,2,100.0
Jaymes Young,1,1,0,2,100.0
Tre' Amani,1,1,0,2,100.0
Jazz Spa,1,1,0,2,100.0
Tion Wayne,1,1,0,2,100.0
Trash Manifest,1,1,0,2,100.0
Tipteezybte,1,1,0,2,100.0
Jean Deaux,0,1,1,2,0.0
Jeezy,1,1,0,2,100.0
Korede Bello,1,1,0,2,100.0
Jeremy Zucker,1,1,0,2,100.0
Jeris Johnson,1,1,0,2,100.0
Kutless,1,1,0,2,100.0
Trl Drich,1,1,0,2,100.0
Jim Yosef,1,1,0,2,100.0
Ingrid Olsson,1,1,0,2,100.0
LPB Poody,1,1,0,2,100.0
House Of Pain,1,1,0,2,100.0
"Hugh Jackman, The Greatest Showman Ensemble",1,1,0,2,100.0
Twista,1,1,0,2,100.0
I Prevail,1,1,0,2,100.0
Twice,1,1,0,2,100.0
ISO Indies,1,1,0,2,100.0
Ibrahim Said,1,1,0,2,100.0
Ice Prince,1,1,0,2,100.0
Indigo Moe,1,1,0,2,100.0
Indiomar,1,1,0,2,100.0
Throb,1,1,0,2,100.0
Kwesi Arthur,1,1,0,2,100.0
LEGADO 7,1,1,0,2,100.0
Instrumental King,1,1,0,2,100.0
Intocable,1,1,0,2,100.0
Thunderstorm Global Project from Traxlab,1,1,0,2,100.0
Isaia Huron,1,1,0,2,100.0
Iskalaaji,1,1,0,2,100.0
Italian Café Society,1,1,0,2,100.0
Kyle Kombs,1,1,0,2,100.0
Trxps,1,1,0,2,100.0
Ivy League Luke,1,1,0,2,100.0
J Balvin & Sky,1,1,0,2,100.0
Jesse Boykins III,1,1,0,2,100.0
TisaKorean,1,1,0,2,100.0
Hoodz9,1,1,0,2,100.0
Kalan.FrFr,1,1,0,2,100.0
K4KBABYDEE,1,1,0,2,100.0
KAMAUU,1,1,0,2,100.0
Tomy DJ,0,2,0,2,0.0
Kidyah,1,1,0,2,100.0
KISS,1,1,0,2,100.0
Kidd Reco,1,1,0,2,100.0
Khruangbin,1,1,0,2,100.0
KSI,1,1,0,2,100.0
"KSI, Future, 21 Savage",0,2,0,2,0.0
Kader Japonais,0,2,0,2,0.0
Kalaido,1,1,0,2,100.0
Khea,1,1,0,2,100.0
Tobe Nwigwe,1,1,0,2,100.0
Kaleo,0,2,0,2,0.0
Khaled Abdul Rahman,1,1,0,2,100.0
KanKan,1,1,0,2,100.0
Karavana,1,1,0,2,100.0
"Kash Doll, Juicy J",0,1,1,2,0.0
Katy Perry,1,1,0,2,100.0
Kaulana Kanekoa,1,1,0,2,100.0
Tokyo Jetz,1,1,0,2,100.0
Kenny Muney,1,1,0,2,100.0
Keith Sweat,1,1,0,2,100.0
Kenia Os,1,1,0,2,100.0
Kidzzy,0,2,0,2,0.0
K.Flay,1,1,0,2,100.0
Trap Geek,1,1,0,2,100.0
Jorge Valenzuela,1,1,0,2,100.0
JoJo 2xx,1,1,0,2,100.0
Fam0us.Twinsss,0,2,0,2,0.0
Joeboy,1,1,0,2,100.0
Joel Adams,1,1,0,2,100.0
Joey Greer,1,1,0,2,100.0
Joey Ty,1,1,0,2,100.0
Joey+Rory,1,1,0,2,100.0
Titanic Orchestra,0,2,0,2,0.0
Jogging,1,1,0,2,100.0
Kojo Funds,1,1,0,2,100.0
Tracy Byrd,1,1,0,2,100.0
Knxwledge,1,1,0,2,100.0
Kim Loaiza,0,2,0,2,0.0
José Mejía,1,1,0,2,100.0
Joyk,1,1,0,2,100.0
Jucee Froot,1,1,0,2,100.0
Juice2ooLive,0,2,0,2,0.0
Julie Frost,1,1,0,2,100.0
Justin M Wilson,1,1,0,2,100.0
Juvenile,1,1,0,2,100.0
Tony! Toni! Toné!,1,1,0,2,100.0
King Polo,1,1,0,2,100.0
K Suave,1,1,0,2,100.0
Tony Mix,1,1,0,2,100.0
Two Feet,1,1,0,2,100.0
LMB DG,1,1,0,2,100.0
Hong Kong Boyfriend,1,1,0,2,100.0
Gabby Barrett,1,1,0,2,100.0
Leroy Sanchez,0,2,0,2,0.0
French Montana,0,2,0,2,0.0
Frédéric Chopin,1,1,0,2,100.0
Lele Pons,1,1,0,2,100.0
Fuerza Regida,1,1,0,2,100.0
Furkan Sert,1,1,0,2,100.0
G1ONE,1,1,0,2,100.0
GARZI,1,1,0,2,100.0
GTP Daidoe BabyTron,1,1,0,2,100.0
The Twilight Orchestra,1,1,0,2,100.0
VaughnBornFamous,1,1,0,2,100.0
"Fredo Bang, Coi Leray",0,2,0,2,0.0
Lauv,0,2,0,2,0.0
Gang Starr,1,1,0,2,100.0
HoneyKomb Brazy,0,2,0,2,0.0
Garboushian Ross,1,1,0,2,100.0
Third Eye Blind,0,1,1,2,0.0
George Benson,1,1,0,2,100.0
Larry Hernández,1,1,0,2,100.0
George Thorogood & The Destroyers,1,1,0,2,100.0
Gera MX,1,1,0,2,100.0
Geri Halliwell,1,1,0,2,100.0
Freeway Donny,1,1,0,2,100.0
Vic Mensa,1,1,0,2,100.0
Glenn Morrison,1,1,0,2,100.0
Feo 9acino,1,1,0,2,100.0
Lil Gnar,1,1,0,2,100.0
The Score,1,1,0,2,100.0
Famous Dex,1,1,0,2,100.0
Fancy Hagood,1,1,0,2,100.0
Farhan Razvi,1,1,0,2,100.0
WEEDMANE,1,1,0,2,100.0
Lil Beep,1,1,0,2,100.0
Fbg Duck,1,1,0,2,100.0
The Shirelles,1,1,0,2,100.0
Lighter Shade of Brown,1,1,0,2,100.0
Fergie,1,1,0,2,100.0
Franklin,1,1,0,2,100.0
Fernando Bass,1,1,0,2,100.0
Fiji,1,1,0,2,100.0
Flatbush Zombies,1,1,0,2,100.0
Flatsound,1,1,0,2,100.0
Lia Clark & POCAH,1,1,0,2,100.0
The Sweet,1,1,0,2,100.0
Focalistic,1,1,0,2,100.0
Foogiano,1,1,0,2,100.0
Virgo Rising,1,1,0,2,100.0
Leto,1,1,0,2,100.0
Getter,1,1,0,2,100.0
Garbage,1,1,0,2,100.0
Kelly Rowland,1,1,0,2,100.0
Green Day,0,1,1,2,0.0
Lady A,1,1,0,2,100.0
Happy Occasion Singers,1,1,0,2,100.0
Hakan Akkus,1,1,0,2,100.0
Uzielito Mix,1,1,0,2,100.0
Hd4president,1,1,0,2,100.0
HOTBOII,1,1,0,2,100.0
VANO 3000,0,2,0,2,0.0
La Nueva Escuela,1,1,0,2,100.0
Lamb of God,1,1,0,2,100.0
Ugly God,1,1,0,2,100.0
Heffy,1,1,0,2,100.0
Guga Nandes,1,1,0,2,100.0
La Nevula23 Productor,1,1,0,2,100.0
Griff,1,1,0,2,100.0
GumbyDTW,1,1,0,2,100.0
VNNA,1,1,0,2,100.0
Graham BLVD,1,1,0,2,100.0
Hitomi Flor,1,1,0,2,100.0
Hitmaka,1,1,0,2,100.0
Gorilla Zoe,1,1,0,2,100.0
LUCKI,1,1,0,2,100.0
Lancey Foux,1,1,0,2,100.0
Hey Santana,1,1,0,2,100.0
Gorillaz,1,1,0,2,100.0
Lainey Wilson,1,1,0,2,100.0
Hey Violet,1,1,0,2,100.0
The Mington Winters,0,1,0,1,0.0
محمد زين الساهر,0,1,0,1,0.0
iann dior,0,1,0,1,0.0
twenty one pilots,0,1,0,1,0.0
Shi-Fi,0,1,0,1,0.0
Thomas Gold,0,1,0,1,0.0
dvsn,0,1,0,1,0.0
godz,0,1,0,1,0.0
مستر ليون,0,1,0,1,0.0
Todd Beasley,0,1,0,1,0.0
Sezer Sait Can,0,1,0,1,0.0
salv the dog,0,1,0,1,0.0
coldrain,0,1,0,1,0.0
spaecii,0,1,0,1,0.0
Toddler Tunes,0,1,0,1,0.0
The New Merseysiders,0,1,0,1,0.0
The Manhattans,0,1,0,1,0.0
ياسر البراهيم,0,1,0,1,0.0
Tofed snipa,0,1,0,1,0.0
Shkurte Fejza,0,1,0,1,0.0
The Movie Band,0,1,0,1,0.0
Thonio,0,1,0,1,0.0
The Star-Lord’s,0,1,0,1,0.0
Sfera Ebbasta,0,1,0,1,0.0
ThisNiggaSirr,0,1,0,1,0.0
فن يمني,0,1,0,1,0.0
بندر بليلة,0,1,0,1,0.0
احمد السعيد مندور,0,1,0,1,0.0
Timbaland,0,1,0,1,0.0
nappy 01',0,1,0,1,0.0
menace Santana,0,1,0,1,0.0
خالد إقبال,0,1,0,1,0.0
حسام كامل,0,1,0,1,0.0
The Marvelettes,0,1,0,1,0.0
marinelli,0,1,0,1,0.0
بلال بشير,0,1,0,1,0.0
اسماعيل الآغا,0,1,0,1,0.0
Shay mire dacar,0,1,0,1,0.0
The Growlers,0,1,0,1,0.0
بدر عبدالله,0,1,0,1,0.0
Timo,0,1,0,1,0.0
maskdownmar,0,1,0,1,0.0
lumiix dj,0,1,0,1,0.0
Setitoff83,0,1,0,1,0.0
"reggie, Monte Booker, Kenny Beats",0,1,0,1,0.0
فلاح المسردي,0,1,0,1,0.0
Sesame Street,0,1,0,1,0.0
Люся Чеботина,0,1,0,1,0.0
Sheny.,0,1,0,1,0.0
mood.,0,1,0,1,0.0
Tk,0,1,0,1,0.0
less.people,0,1,0,1,0.0
Tivi Gunz,0,1,0,1,0.0
The Kiffness,0,1,0,1,0.0
Timal,0,1,0,1,0.0
The Godfather,0,1,0,1,0.0
The Temptations,0,1,0,1,0.0
lilspirit,0,1,0,1,0.0
Родники,0,1,0,1,0.0
Shad Da God,0,1,0,1,0.0
Take Me To Rio Collective,0,1,0,1,0.0
christina perri,0,1,0,1,0.0
Unfoonk,0,1,0,1,0.0
XATAR,0,1,0,1,0.0
Spinabenz,0,1,0,1,0.0
VNV,0,1,0,1,0.0
Summrs Archive,0,1,0,1,0.0
Super Fun Time Awesome Party Band,0,1,0,1,0.0
VMYOU,0,1,0,1,0.0
Spanish Rice,0,1,0,1,0.0
YG,0,1,0,1,0.0
Sounds Dogs Love,0,1,0,1,0.0
YK,0,1,0,1,0.0
YK Osiris,0,1,0,1,0.0
U.S. Navy Band,0,1,0,1,0.0
Vanessa Campagna,0,1,0,1,0.0
YSKBobby,0,1,0,1,0.0
YTB Trench,0,1,0,1,0.0
Type O Negative,0,1,0,1,0.0
Yahia Sweis,0,1,0,1,0.0
Tynisha Keli,0,1,0,1,0.0
Soolking,0,1,0,1,0.0
Solowke,0,1,0,1,0.0
Tymek,0,1,0,1,0.0
Yb Stackz,0,1,0,1,0.0
Ty Dolla $ign,0,1,0,1,0.0
Yo Getta,0,1,0,1,0.0
X-Sonic,0,1,0,1,0.0
Sultaan,0,1,0,1,0.0
"Snoh Aalegra, Tyler, The Creator",0,1,0,1,0.0
Sterl Gotti,0,1,0,1,0.0
Stockanotti,0,1,0,1,0.0
Waka Flocka Flame,0,1,0,1,0.0
Walid Al Massih,0,1,0,1,0.0
Wallows,0,1,0,1,0.0
WHYMEIV,0,1,0,1,0.0
W&W,0,1,0,1,0.0
Stupid Goldfish,0,1,0,1,0.0
Steve Wariner,0,1,0,1,0.0
Vários Artistas,0,1,0,1,0.0
Steve Jablonsky,0,1,0,1,0.0
White Panda,0,1,0,1,0.0
Vitamin C,0,1,0,1,0.0
Vaqueiro Do Piseiro,0,1,0,1,0.0
Starlight Orchestra & Singers,0,1,0,1,0.0
"Vijay & Sofia Zlatko, Notte",0,1,0,1,0.0
White Shinobi,0,1,0,1,0.0
White Zombie,0,1,0,1,0.0
Wild Stylerz,0,1,0,1,0.0
Will,0,1,0,1,0.0
Vella,0,1,0,1,0.0
Wisin & Yandel,0,1,0,1,0.0
Spooky Halloween Sounds,0,1,0,1,0.0
Wlatt Boyz,0,1,0,1,0.0
Various artists,0,1,0,1,0.0
Young Fire,0,1,0,1,0.0
Snoh Aalegra,0,1,0,1,0.0
Shotgun Willy,0,1,0,1,0.0
Toneshifterz & Firelite,0,1,0,1,0.0
Talib Hussain Dard,0,1,0,1,0.0
Trace Adkins,0,1,0,1,0.0
Tove Lo,0,1,0,1,0.0
Zeds Dead,0,1,0,1,0.0
Tana343,0,1,0,1,0.0
Zen Music Garden,0,1,0,1,0.0
Zenith,0,1,0,1,0.0
Zer0,0,1,0,1,0.0
Tate McRae,0,1,0,1,0.0
Siide,0,1,0,1,0.0
Tay-K,0,1,0,1,0.0
Zilly Zil,0,1,0,1,0.0
Singga,0,1,0,1,0.0
Tommy Tutone,0,1,0,1,0.0
Zino,0,1,0,1,0.0
Zivert,0,1,0,1,0.0
Teejayx6,0,1,0,1,0.0
[bsd.u],0,1,0,1,0.0
"Sia, Amir, Banx & Ranx",0,1,0,1,0.0
Tevin Campbell,0,1,0,1,0.0
Tommy Boysen,0,1,0,1,0.0
Tommee Profitt,0,1,0,1,0.0
brakence,0,1,0,1,0.0
cashk,0,1,0,1,0.0
Sing2Guitar,0,1,0,1,0.0
Singto Numchok,0,1,0,1,0.0
Young Money,0,1,0,1,0.0
Trey Kidd,0,1,0,1,0.0
Tuğkan,0,1,0,1,0.0
Young Stoner Life & Young Thug,0,1,0,1,0.0
THE BLOSSOM,0,1,0,1,0.0
Slushii,0,1,0,1,0.0
"Slump6s, BabySantana",0,1,0,1,0.0
Youssou N'Dour,0,1,0,1,0.0
Yssn Nino,0,1,0,1,0.0
Trixy Star,0,1,0,1,0.0
TLE Cinco,0,1,0,1,0.0
Slick Rick,0,1,0,1,0.0
Trip Jones,0,1,0,1,0.0
Trevor Phelps,0,1,0,1,0.0
Talha Anjum,0,1,0,1,0.0
TreeDaDon,0,1,0,1,0.0
Yung Mazi,0,1,0,1,0.0
Tre Oh Fie,0,1,0,1,0.0
Yung Nate,0,1,0,1,0.0
Yung Tripp,0,1,0,1,0.0
TV Themes,0,1,0,1,0.0
Trapt,0,1,0,1,0.0
Trapboy Freddy,0,1,0,1,0.0
Tranquil Music Sounds of Nature,0,1,0,1,0.0
Zack Knight,0,1,0,1,0.0
ZayBang,0,1,0,1,0.0
The Same Persons,0,1,0,1,0.0
$Mar,0,1,0,1,0.0
Sedardna,0,1,0,1,0.0
Dj. TK,0,1,0,1,0.0
Donna Lewis,0,1,0,1,0.0
Don Thado,0,1,0,1,0.0
Don Miguelo,0,1,0,1,0.0
Dolphin Smiling,0,1,0,1,0.0
Doloo,0,1,0,1,0.0
Djodje,0,1,0,1,0.0
Dj Slinix,0,1,0,1,0.0
Dowba Montana,0,1,0,1,0.0
Dj Arafat,0,1,0,1,0.0
Dizzy Taylor,0,1,0,1,0.0
Devinney,0,1,0,1,0.0
Denzel Curry,0,1,0,1,0.0
Denver Paige,0,1,0,1,0.0
Deen Squad,0,1,0,1,0.0
Dougz B,0,1,0,1,0.0
Drawback,0,1,0,1,0.0
Dee Dee Warwick,0,1,0,1,0.0
EL Beliko,0,1,0,1,0.0
Eddie Vedder,0,1,0,1,0.0
Ed Maverick,0,1,0,1,0.0
Ece Yağcı,0,1,0,1,0.0
Ebanistas,0,1,0,1,0.0
Eastblock Bitches,0,1,0,1,0.0
ELIJAH'Z DOOM,0,1,0,1,0.0
Dxtch,0,1,0,1,0.0
Drego,0,1,0,1,0.0
Dusk Till Dawn,0,1,0,1,0.0
Dubstep,0,1,0,1,0.0
"Dua Lipa, The Blessed Madonna, Gwen Stefani, Mark Ronson",0,1,0,1,0.0
Drezus,0,1,0,1,0.0
Drewunchain,0,1,0,1,0.0
Drego & Beno,0,1,0,1,0.0
Dee Mula,0,1,0,1,0.0
Dee Aura,0,1,0,1,0.0
Cody Johnson,0,1,0,1,0.0
Cuban Doll,0,1,0,1,0.0
DJ B-SUPREME,0,1,0,1,0.0
DHK Perk,0,1,0,1,0.0
DEVO,0,1,0,1,0.0
D12,0,1,0,1,0.0
D Savage,0,1,0,1,0.0
Cuj Water,0,1,0,1,0.0
Craig Xen,0,1,0,1,0.0
DJ Drillinois,0,1,0,1,0.0
Cracked Kiddo,0,1,0,1,0.0
Costumbre,0,1,0,1,0.0
Corridos Con Banda,0,1,0,1,0.0
Coopex,0,1,0,1,0.0
Concentration Music for Work,0,1,0,1,0.0
Community Music,0,1,0,1,0.0
DJ DIRTFLARE,0,1,0,1,0.0
DJ Gimi-O,0,1,0,1,0.0
DeathbyRomy,0,1,0,1,0.0
Dan Redfeld & Elizabeth Hedman,0,1,0,1,0.0
De La Ghetto,0,1,0,1,0.0
Dayshock Beats,0,1,0,1,0.0
David Bisbal,0,1,0,1,0.0
Dash Of Honey,0,1,0,1,0.0
"Danny Ocean, Justin Quiles",0,1,0,1,0.0
Daniel Díaz,0,1,0,1,0.0
Dami,0,1,0,1,0.0
DJ OG Uncle Skip,0,1,0,1,0.0
"Dabin, Nurko & Donovan Woods",0,1,0,1,0.0
DWadeFromOBN,0,1,0,1,0.0
DRS,0,1,0,1,0.0
DRAM,0,1,0,1,0.0
DMP,0,1,0,1,0.0
DJ SBU,0,1,0,1,0.0
Edith Whiskers,0,1,0,1,0.0
El Chacal,0,1,0,1,0.0
El Cherry Scom,0,1,0,1,0.0
Gerald Levert,0,1,0,1,0.0
Grupo Lluvia,0,1,0,1,0.0
Grupo Diez 4tro,0,1,0,1,0.0
Grant Macdonald,0,1,0,1,0.0
Glokknine 438,0,1,0,1,0.0
GlizzyRu,0,1,0,1,0.0
Ghostface600,0,1,0,1,0.0
Geceyi Kurtar,0,1,0,1,0.0
HAPPY BIRTHDAY,0,1,0,1,0.0
Gay Greg,0,1,0,1,0.0
Gaudi,0,1,0,1,0.0
Gary LeVox,0,1,0,1,0.0
Gary Allan,0,1,0,1,0.0
Gamma Feb,0,1,0,1,0.0
GRAE,0,1,0,1,0.0
Gurlez Akhtar,0,1,0,1,0.0
HVN,0,1,0,1,0.0
El David,0,1,0,1,0.0
Henrik Janson,0,1,0,1,0.0
Hotboii Rico Cartel,0,1,0,1,0.0
Hot Freaks,0,1,0,1,0.0
Hobo Johnson,0,1,0,1,0.0
Himmat Sandhu,0,1,0,1,0.0
Hijos De Barron,0,1,0,1,0.0
Henry William,0,1,0,1,0.0
Heembeezy,0,1,0,1,0.0
Haacaaluu Hundessaa,0,1,0,1,0.0
"Hauskey, Hope Tala",0,1,0,1,0.0
Hatsune Miku,0,1,0,1,0.0
Harold y Elena,0,1,0,1,0.0
Hardaway 1k,0,1,0,1,0.0
HardGawd,0,1,0,1,0.0
Haraca Kiko,0,1,0,1,0.0
G E N I U S,0,1,0,1,0.0
Freddy Perez,0,1,0,1,0.0
Freckle & Pete,0,1,0,1,0.0
Eric Roseman,0,1,0,1,0.0
Ezekiel,0,1,0,1,0.0
Eyedress,0,1,0,1,0.0
Excision,0,1,0,1,0.0
Eva Cooper,0,1,0,1,0.0
Europe,0,1,0,1,0.0
Erykah Badu,0,1,0,1,0.0
Eric Biddines,0,1,0,1,0.0
Frankie J,0,1,0,1,0.0
Era Istrefi,0,1,0,1,0.0
Era,0,1,0,1,0.0
Elow,0,1,0,1,0.0
Ele A El Dominio,0,1,0,1,0.0
El-DEEB,0,1,0,1,0.0
El Reino Infantil,0,1,0,1,0.0
FBG Duck,0,1,0,1,0.0
FILV,0,1,0,1,0.0
FK Veto,0,1,0,1,0.0
FLYNARI,0,1,0,1,0.0
Fabregas Le Métis Noir,0,1,0,1,0.0
Fairuz,0,1,0,1,0.0
Fares Karam,0,1,0,1,0.0
Fart Man,0,1,0,1,0.0
Fatemah Ladak,0,1,0,1,0.0
Father Philis,0,1,0,1,0.0
Fbg,0,1,0,1,0.0
Feinstein,0,1,0,1,0.0
Filatov & Karas,0,1,0,1,0.0
Flex,0,1,0,1,0.0
Francesco Tulman,0,1,0,1,0.0
Francko,0,1,0,1,0.0
Frankie Avalon,0,1,0,1,0.0
Colby Acuff,0,1,0,1,0.0
Cmten,0,1,0,1,0.0
Scotty Cain,0,1,0,1,0.0
Alexander 23,0,1,0,1,0.0
Amarillo Cowboys,0,1,0,1,0.0
Almighty Suspect,0,1,0,1,0.0
Allstar JR,0,1,0,1,0.0
Alix Page,0,1,0,1,0.0
Alison Krauss,0,1,0,1,0.0
Alina Gerc,0,1,0,1,0.0
Alexa Goddard,0,1,0,1,0.0
Amine Abouabdellah,0,1,0,1,0.0
Alex Quin,0,1,0,1,0.0
Alejandro Sanz,0,1,0,1,0.0
Alejandro Fernández,0,1,0,1,0.0
Alcyone,0,1,0,1,0.0
Albee Al,0,1,0,1,0.0
Alan Silvestri,0,1,0,1,0.0
Amarion,0,1,0,1,0.0
Amoneymuzic,0,1,0,1,0.0
Aimi Kobayashi,0,1,0,1,0.0
Anuel Aa,0,1,0,1,0.0
Aryas Javan,0,1,0,1,0.0
Arsenal Efectivo,0,1,0,1,0.0
Arjun,0,1,0,1,0.0
Arden Jones,0,1,0,1,0.0
Arcando,0,1,0,1,0.0
Araya,0,1,0,1,0.0
Anthony Lo Re,0,1,0,1,0.0
Amrinder Gill,0,1,0,1,0.0
Anthony Abou Jaoude,0,1,0,1,0.0
Angie Stone,0,1,0,1,0.0
Angel Perez,0,1,0,1,0.0
Andy Velo,0,1,0,1,0.0
Andain,0,1,0,1,0.0
Anas Kareem,0,1,0,1,0.0
Al Green,0,1,0,1,0.0
Ahmed Sheba,0,1,0,1,0.0
Club Unicorn,0,1,0,1,0.0
438 Tok,0,1,0,1,0.0
ABDIRISAK BK,0,1,0,1,0.0
AB,0,1,0,1,0.0
A5rass - الاخرس,0,1,0,1,0.0
93FEETOFSMOKE,0,1,0,1,0.0
8 Zipp,0,1,0,1,0.0
4gtmt 700 CAL,0,1,0,1,0.0
410 Music Factory,0,1,0,1,0.0
AK AUSSERKONTROLLE,0,1,0,1,0.0
3amafia,0,1,0,1,0.0
3 Palavrinhas,0,1,0,1,0.0
2 Live Crew,0,1,0,1,0.0
187 Strassenbande,0,1,0,1,0.0
*GLITCH,0,1,0,1,0.0
$krrt Cobain,0,1,0,1,0.0
AJR,0,1,0,1,0.0
AK Bhuker,0,1,0,1,0.0
Ahmed Mokhtar MOKK,0,1,0,1,0.0
Abby Lakew,0,1,0,1,0.0
Aero Chord,0,1,0,1,0.0
Adrian,0,1,0,1,0.0
Adolfo Urias y Su Lobo Norteño,0,1,0,1,0.0
Adella,0,1,0,1,0.0
Ace Hood,0,1,0,1,0.0
Abonthebeat,0,1,0,1,0.0
Abbas Kamandi,0,1,0,1,0.0
AMARNI,0,1,0,1,0.0
Aaron Watson,0,1,0,1,0.0
A_Man Music,0,1,0,1,0.0
AZ2A,0,1,0,1,0.0
AYKA,0,1,0,1,0.0
ATLAS beats,0,1,0,1,0.0
AP block boy,0,1,0,1,0.0
Av31,0,1,0,1,0.0
Avant,0,1,0,1,0.0
Aydın Baş,0,1,0,1,0.0
Bulin 47,0,1,0,1,0.0
Cage The Elephant,0,1,0,1,0.0
Cactus Corino,0,1,0,1,0.0
COBRAH,0,1,0,1,0.0
CHASE WRIGHT,0,1,0,1,0.0
C1,0,1,0,1,0.0
Burna Boy,0,1,0,1,0.0
Buju,0,1,0,1,0.0
Cameron Boatwright,0,1,0,1,0.0
Buba Corelli,0,1,0,1,0.0
Boyz II Men,0,1,0,1,0.0
Bop Menaxe,0,1,0,1,0.0
Boog,0,1,0,1,0.0
Blvxb,0,1,0,1,0.0
Bloodshot,0,1,0,1,0.0
Cali Swag District,0,1,0,1,0.0
Cano de Cali,0,1,0,1,0.0
Ayla Tesler-Mabe,0,1,0,1,0.0
Charly Black,0,1,0,1,0.0
City Morgue,0,1,0,1,0.0
Ciara,0,1,0,1,0.0
Chug Jug With You,0,1,0,1,0.0
Chris Webby,0,1,0,1,0.0
Chris Rockford,0,1,0,1,0.0
Cheb Houssem,0,1,0,1,0.0
Chano,0,1,0,1,0.0
Cappin Stew,0,1,0,1,0.0
Channel5 Jdub,0,1,0,1,0.0
Champs United,0,1,0,1,0.0
Cavetown,0,1,0,1,0.0
Castillo Nasheeds,0,1,0,1,0.0
Carin Leon,0,1,0,1,0.0
Captain Vlad,0,1,0,1,0.0
Blito,0,1,0,1,0.0
Blaq Diamond,0,1,0,1,0.0
Black Tiger Sex Machine,0,1,0,1,0.0
Babeta Shahini,0,1,0,1,0.0
Banda Cuisillos,0,1,0,1,0.0
Bailey Zimmerman,0,1,0,1,0.0
BagLyfeQuan,0,1,0,1,0.0
BabyJames,0,1,0,1,0.0
Baby Wick,0,1,0,1,0.0
Baby Lullaby,0,1,0,1,0.0
BIG30,0,1,0,1,0.0
Black Moon Lovers,0,1,0,1,0.0
BBG Baby Joe,0,1,0,1,0.0
BANKS,0,1,0,1,0.0
B.J. Thomas,0,1,0,1,0.0
B. Smyth,0,1,0,1,0.0
B Ray,0,1,0,1,0.0
Azis,0,1,0,1,0.0
Banda El Recodo,0,1,0,1,0.0
Barney,0,1,0,1,0.0
"Bas, J. Cole, Lil Tjay",0,1,0,1,0.0
Bda Slime,0,1,0,1,0.0
Bea Miller,0,1,0,1,0.0
Beccy Cole,0,1,0,1,0.0
Belah,0,1,0,1,0.0
Belanova,0,1,0,1,0.0
Bely Basarte,0,1,0,1,0.0
Bensound,0,1,0,1,0.0
Best Sleep Music,0,1,0,1,0.0
Bezo Luciano,0,1,0,1,0.0
Bg Studios,0,1,0,1,0.0
Bhaiwent,0,1,0,1,0.0
Big Fiji,0,1,0,1,0.0
Big Mucci,0,1,0,1,0.0
Big Voice Karaoke,0,1,0,1,0.0
Huncho Juan,0,1,0,1,0.0
"ILLENIUM, iann dior",0,1,0,1,0.0
Ibraheem Fadl,0,1,0,1,0.0
Neptoon 8081,0,1,0,1,0.0
Nitty Gritty Dirt Band,0,1,0,1,0.0
Ninho,0,1,0,1,0.0
Nightcore Hits,0,1,0,1,0.0
Nico Santana,0,1,0,1,0.0
New Beat Order,0,1,0,1,0.0
Neutro Shorty,0,1,0,1,0.0
Nefta & Bzeta,0,1,0,1,0.0
Noizu,0,1,0,1,0.0
Nefew,0,1,0,1,0.0
Naïka,0,1,0,1,0.0
Nahko And Medicine For The People,0,1,0,1,0.0
Nacho & Justin Quiles,0,1,0,1,0.0
Nacho,0,1,0,1,0.0
NFL Slime'moo,0,1,0,1,0.0
No Savage,0,1,0,1,0.0
Norah Jones,0,1,0,1,0.0
My Bloody Valentine,0,1,0,1,0.0
Oro Solido,0,1,0,1,0.0
Pablo Cruise,0,1,0,1,0.0
P.Square,0,1,0,1,0.0
Ozhin Nawzad,0,1,0,1,0.0
Owl City,0,1,0,1,0.0
Outcold Pi,0,1,0,1,0.0
Otnicka,0,1,0,1,0.0
Orianthi,0,1,0,1,0.0
Nosweat 1k,0,1,0,1,0.0
Orange Caramel,0,1,0,1,0.0
Omy de Oro & Ñejo,0,1,0,1,0.0
Oliver Tree,0,1,0,1,0.0
ONEFOUR,0,1,0,1,0.0
OMB Jay Dee,0,1,0,1,0.0
Nvlick,0,1,0,1,0.0
My Lonely Bench,0,1,0,1,0.0
Muslim,0,1,0,1,0.0
Irish Pub Society,0,1,0,1,0.0
Method Man,0,1,0,1,0.0
Miguelito Torres,0,1,0,1,0.0
"Migos, Lil Uzi Vert",0,1,0,1,0.0
Miel San Marcos,0,1,0,1,0.0
Mickey Singh,0,1,0,1,0.0
Michelle Branch,0,1,0,1,0.0
Miami Beatz,0,1,0,1,0.0
Meridian Film Music Recordings,0,1,0,1,0.0
Mike WiLL Made-It,0,1,0,1,0.0
MercyMe,0,1,0,1,0.0
Memo600,0,1,0,1,0.0
Melodyia Music,0,1,0,1,0.0
Melody of Sound,0,1,0,1,0.0
Mellow Mood Orchestra,0,1,0,1,0.0
Megan Leith,0,1,0,1,0.0
Mike D,0,1,0,1,0.0
Miles Wesley,0,1,0,1,0.0
Musiko,0,1,0,1,0.0
Mouhamed nour,0,1,0,1,0.0
Musica Sensual Jazz Latino Club,0,1,0,1,0.0
Musica Relajante,0,1,0,1,0.0
Music for Baby,0,1,0,1,0.0
Mupto Baba,0,1,0,1,0.0
Mr.kitty,0,1,0,1,0.0
Mr Yéyé,0,1,0,1,0.0
Morray,0,1,0,1,0.0
Miscris,0,1,0,1,0.0
Morad,0,1,0,1,0.0
Montell Jordan,0,1,0,1,0.0
Mohammad Arifi,0,1,0,1,0.0
Mohamed Esmail,0,1,0,1,0.0
MoStack,0,1,0,1,0.0
Mk.gee,0,1,0,1,0.0
Pan Flute,0,1,0,1,0.0
Pancho Barraza,0,1,0,1,0.0
Papa Roach,0,1,0,1,0.0
Rico Nasty,0,1,0,1,0.0
Rockwell,0,1,0,1,0.0
Rocklife Zho,0,1,0,1,0.0
Robert Plant,0,1,0,1,0.0
Robert Miles,0,1,0,1,0.0
Riven,0,1,0,1,0.0
Riley Green,0,1,0,1,0.0
Rick James,0,1,0,1,0.0
Ross Lynch,0,1,0,1,0.0
Rich Brian,0,1,0,1,0.0
Relja,0,1,0,1,0.0
Rehab,0,1,0,1,0.0
Reese Youngn,0,1,0,1,0.0
Reda ZN,0,1,0,1,0.0
Razvan Mitroi,0,1,0,1,0.0
Ross,0,1,0,1,0.0
Rot Ken,0,1,0,1,0.0
Paris Music,0,1,0,1,0.0
Sabyan Gambus,0,1,0,1,0.0
Sandoz,0,1,0,1,0.0
Samra,0,1,0,1,0.0
Sam Tinnesz,0,1,0,1,0.0
Sam Cooke,0,1,0,1,0.0
Sahedul Hoque,0,1,0,1,0.0
Sage Leonel,0,1,0,1,0.0
SULTAN UL QADRIA QAWWAL,0,1,0,1,0.0
Rundfunkblasorchester Leipzig,0,1,0,1,0.0
STINKYBEANZ,0,1,0,1,0.0
SPLURGE,0,1,0,1,0.0
SDM,0,1,0,1,0.0
S4MM,0,1,0,1,0.0
S L I T,0,1,0,1,0.0
RØNIN,0,1,0,1,0.0
Raymond Brooks,0,1,0,1,0.0
Ray Stevens,0,1,0,1,0.0
Ravy Vaqueiro,0,1,0,1,0.0
Perry Como,0,1,0,1,0.0
Pinky SD,0,1,0,1,0.0
Piano Peace,0,1,0,1,0.0
Pi'erre Bourne,0,1,0,1,0.0
Phora,0,1,0,1,0.0
Phillip Phillips,0,1,0,1,0.0
Peter Rabbit Singers,0,1,0,1,0.0
Pennywise,0,1,0,1,0.0
Ratt,0,1,0,1,0.0
"Payday, AG Club",0,1,0,1,0.0
Paulie,0,1,0,1,0.0
Patrice Bijon,0,1,0,1,0.0
Pasha Music,0,1,0,1,0.0
Party Tyme Karaoke,0,1,0,1,0.0
Parry Sidhu,0,1,0,1,0.0
Piper Rockelle,0,1,0,1,0.0
PlayaPhonk,0,1,0,1,0.0
Playboijay,0,1,0,1,0.0
"Pop Smoke, Tay Floss",0,1,0,1,0.0
Porta,0,1,0,1,0.0
Pratt & McClain,0,1,0,1,0.0
Principe,0,1,0,1,0.0
PrinsTveide,0,1,0,1,0.0
Project Pat,0,1,0,1,0.0
Puff Daddy & The Family,0,1,0,1,0.0
Quellie,0,1,0,1,0.0
Quenga,0,1,0,1,0.0
RAF Camora,0,1,0,1,0.0
RK,0,1,0,1,0.0
ROMAIN VIRGO,0,1,0,1,0.0
Rahat Fateh Ali Khan,0,1,0,1,0.0
Raja Game Changerz,0,1,0,1,0.0
Megabra!n,0,1,0,1,0.0
MeechJr,0,1,0,1,0.0
Meech La'flare,0,1,0,1,0.0
Kidda,0,1,0,1,0.0
Kolyon,0,1,0,1,0.0
Kiss,0,1,0,1,0.0
Kirko Bangz,0,1,0,1,0.0
Kim Larsen,0,1,0,1,0.0
Kiiara,0,1,0,1,0.0
Kidz Bop Kids,0,1,0,1,0.0
Kell smith,0,1,0,1,0.0
Koosen,0,1,0,1,0.0
KeepUpRadio,0,1,0,1,0.0
Kay.Rod,0,1,0,1,0.0
KamiKaze,0,1,0,1,0.0
Kaly Ocho,0,1,0,1,0.0
Kaka,0,1,0,1,0.0
KINGMOSTWANTED,0,1,0,1,0.0
Kool & The Gang,0,1,0,1,0.0
Korn,0,1,0,1,0.0
Las Ardillitas,0,1,0,1,0.0
LA' MON,0,1,0,1,0.0
Landon Cube,0,1,0,1,0.0
Lady Bri,0,1,0,1,0.0
La Séptima Banda,0,1,0,1,0.0
La Ross Maria,0,1,0,1,0.0
LICH TYCOON,0,1,0,1,0.0
LADIPOE,0,1,0,1,0.0
L1L7,0,1,0,1,0.0
Kpanto,0,1,0,1,0.0
Kyd,0,1,0,1,0.0
Kuttem Reese,0,1,0,1,0.0
Kurdo,0,1,0,1,0.0
Kristen Bell,0,1,0,1,0.0
KrispyLife Kidd,0,1,0,1,0.0
Kranium,0,1,0,1,0.0
KASTRO,0,1,0,1,0.0
K27,0,1,0,1,0.0
K-Pop Rap Battles,0,1,0,1,0.0
Jack Wall,0,1,0,1,0.0
Jay Morris Group,0,1,0,1,0.0
Jax,0,1,0,1,0.0
Jambao,0,1,0,1,0.0
Jahmiel,0,1,0,1,0.0
Jah$tar,0,1,0,1,0.0
Jack Wolff,0,1,0,1,0.0
Ja Rule,0,1,0,1,0.0
K-LO,0,1,0,1,0.0
JELEEL!,0,1,0,1,0.0
J/O/E,0,1,0,1,0.0
J Larro,0,1,0,1,0.0
Iuliana Beregoi,0,1,0,1,0.0
Itsuo,0,1,0,1,0.0
Isabela Merced,0,1,0,1,0.0
Jay Roxxx,0,1,0,1,0.0
JayMula,0,1,0,1,0.0
JayRaider,0,1,0,1,0.0
Jaydayoungan,0,1,0,1,0.0
Jazmin Bean,0,1,0,1,0.0
Jazzinuf,0,1,0,1,0.0
Je'lisa Tiara,0,1,0,1,0.0
Jensi Jenno,0,1,0,1,0.0
Jimmy Eat World,0,1,0,1,0.0
Jitz jz,0,1,0,1,0.0
Joan Sebastian,0,1,0,1,0.0
Johny y sus amigo,0,1,0,1,0.0
Jon Boden,0,1,0,1,0.0
Josh Groban,0,1,0,1,0.0
Jowell & Randy,0,1,0,1,0.0
Julia Migenes,0,1,0,1,0.0
K Shiday,0,1,0,1,0.0
Larry June,0,1,0,1,0.0
Laura Les,0,1,0,1,0.0
Max Frost,0,1,0,1,0.0
MC Fioti,0,1,0,1,0.0
MGM Studio Orchestra,0,1,0,1,0.0
MDB YOUNG RICH,0,1,0,1,0.0
MC Yankoo,0,1,0,1,0.0
MC Torugo,0,1,0,1,0.0
"MC Menor da VG, Mc Kadu, Mc Dimenor Dr, MC GP, Mc Kelvinho, Mc Ruzika & DJ Victor",0,1,0,1,0.0
MC John John,0,1,0,1,0.0
MC Bella,0,1,0,1,0.0
MORGENSHTERN,0,1,0,1,0.0
"MAX, Ali Gatie",0,1,0,1,0.0
Lynda,0,1,0,1,0.0
Lvbel C5,0,1,0,1,0.0
Lupo Vidal,0,1,0,1,0.0
Lund,0,1,0,1,0.0
Lunay,0,1,0,1,0.0
MKK,0,1,0,1,0.0
Ma Music Oficial,0,1,0,1,0.0
Lea Taex,0,1,0,1,0.0
Marcy Playground,0,1,0,1,0.0
Matt Suda,0,1,0,1,0.0
Matt Mason,0,1,0,1,0.0
Matias Deago,0,1,0,1,0.0
Marshmello & Demi Lovato,0,1,0,1,0.0
Marita Nader,0,1,0,1,0.0
Mariah Angeliq,0,1,0,1,0.0
Marcorose,0,1,0,1,0.0
MaKenzie Thomas,0,1,0,1,0.0
Marc Anthony,0,1,0,1,0.0
Mannequin Pussy,0,1,0,1,0.0
Maia Reficco,0,1,0,1,0.0
Mahmoud Rafat,0,1,0,1,0.0
Magnus Eriksson,0,1,0,1,0.0
Maauvaisdjoo,0,1,0,1,0.0
Lulricko,0,1,0,1,0.0
Luis Miguel,0,1,0,1,0.0
Ludacris,0,1,0,1,0.0
Lil He77,0,1,0,1,0.0
Lil Silvio & El Vega,0,1,0,1,0.0
Lil Mewtwo,0,1,0,1,0.0
Lil Maru,0,1,0,1,0.0
Lil Lavvy,0,1,0,1,0.0
Lil Kee,0,1,0,1,0.0
Lil High Vibes,0,1,0,1,0.0
Lil Eazzyy,0,1,0,1,0.0
LucidSoLooney,0,1,0,1,0.0
Lil Bam,0,1,0,1,0.0
Liam Payne,0,1,0,1,0.0
Lexi Jayde,0,1,0,1,0.0
Lefty Sm,0,1,0,1,0.0
Ledri Vula,0,1,0,1,0.0
Leanboys,0,1,0,1,0.0
Lil Snupe,0,1,0,1,0.0
Lil Swervo Jr.,0,1,0,1,0.0
Lil' Chungus,0,1,0,1,0.0
LilDeath,0,1,0,1,0.0
Linkin Park,0,1,0,1,0.0
Little Baby Bum Nursery Rhyme Friends,0,1,0,1,0.0
Lloyd Banks,0,1,0,1,0.0
Lofi Sleep Chill & Study,0,1,0,1,0.0
Los 2 de la S,0,1,0,1,0.0
Los Alegres de Terán,0,1,0,1,0.0
Los Elegantes de Jerez,0,1,0,1,0.0
Los Gemelos De Sinaloa,0,1,0,1,0.0
Los Huracanes del Norte,0,1,0,1,0.0
Los Implicados,0,1,0,1,0.0
Los Player's,0,1,0,1,0.0
Los Tucanes De Tijuana,0,1,0,1,0.0
Loverboy,0,1,0,1,0.0
リル・ヨッティー,0,1,0,1,0.0
